[2026-09-27 20:02:30Z INFO HostContext] No proxy settings were found based on environmental variables (http_proxy/https_proxy/HTTP_PROXY/HTTPS_PROXY)
[2026-09-27 20:02:30Z INFO HostContext] Well known directory 'Bin': 'E:\github\cicd-lab\actions-runner\bin'
[2026-09-27 20:02:30Z INFO HostContext] Well known directory 'Root': 'E:\github\cicd-lab\actions-runner'
[2026-09-27 20:02:30Z INFO HostContext] Well known config file 'Credentials': 'E:\github\cicd-lab\actions-runner\.credentials'
[2026-09-27 20:02:30Z INFO HostContext] Well known directory 'Bin': 'E:\github\cicd-lab\actions-runner\bin'
[2026-09-27 20:02:30Z INFO HostContext] Well known directory 'Root': 'E:\github\cicd-lab\actions-runner'
[2026-09-27 20:02:30Z INFO HostContext] Well known config file 'Runner': 'E:\github\cicd-lab\actions-runner\.runner'
[2026-09-27 20:02:30Z INFO Worker] Version: 2.337.0
[2026-09-27 20:02:30Z INFO Worker] Commit: 397b032cbf865e9c3ddfab89d533ec19325e1273
[2026-09-27 20:02:30Z INFO Worker] Culture: en-US
[2026-09-27 20:02:30Z INFO Worker] UI Culture: de-DE
[2026-09-27 20:02:30Z INFO Worker] Waiting to receive the job message from the channel.
[2026-09-27 20:02:30Z INFO ProcessChannel] Receiving message of length 22733, with hash 'c72b050178bc48130b6cb8c8bac57827f25f4f4f6d5774c568519a27253e48fa'
[2026-09-27 20:02:30Z INFO Worker] Message received.
[2026-09-27 20:02:30Z INFO Worker] Job message:
 {
  "fileTable": [
    ".github/workflows/ci.yml"
  ],
  "mask": [
    {
      "type": "regex",
      "value": "***"
    },
    {
      "type": "regex",
      "value": "***"
    },
    {
      "type": "regex",
      "value": "***"
    },
    {
      "type": "regex",
      "value": "***"
    },
    {
      "type": "regex",
      "value": "***"
    },
    {
      "type": "regex",
      "value": "***"
    },
    {
      "type": "regex",
      "value": "***"
    },
    {
      "type": "regex",
      "value": "***"
    },
    {
      "type": "regex",
      "value": "***"
    },
    {
      "type": "regex",
      "value": "***"
    },
    {
      "type": "regex",
      "value": "***"
    },
    {
      "type": "regex",
      "value": "***"
    },
    {
      "type": "regex",
      "value": "***"
    },
    {
      "type": "regex",
      "value": "***"
    },
    {
      "type": "regex",
      "value": "***"
    },
    {
      "type": "regex",
      "value": "***"
    },
    {
      "type": "regex",
      "value": "***"
    },
    {
      "type": "regex",
      "value": "***"
    },
    {
      "type": "regex",
      "value": "***"
    },
    {
      "type": "regex",
      "value": "***"
    },
    {
      "type": "regex",
      "value": "***"
    },
    {
      "type": "regex",
      "value": "***"
    },
    {
      "type": "regex",
      "value": "***"
    },
    {
      "type": "regex",
      "value": "***"
    }
  ],
  "steps": [
    {
      "type": "action",
      "reference": {
        "type": "repository",
        "name": "docker/login-action",
        "ref": "v3",
        "repositoryType": "GitHub"
      },
      "displayNameToken": {
        "type": 0,
        "file": 1,
        "line": 42,
        "col": 15,
        "lit": "Log in to GHCR"
      },
      "contextName": "__docker_login-action",
      "inputs": {
        "type": 2,
        "file": 1,
        "line": 45,
        "col": 11,
        "map": [
          {
            "key": {
              "type": 0,
              "file": 1,
              "line": 45,
              "col": 11,
              "lit": "registry"
            },
            "value": {
              "type": 0,
              "file": 1,
              "line": 45,
              "col": 21,
              "lit": "ghcr.io"
            }
          },
          {
            "key": {
              "type": 0,
              "file": 1,
              "line": 46,
              "col": 11,
              "lit": "username"
            },
            "value": {
              "type": 3,
              "file": 1,
              "line": 46,
              "col": 21,
              "expr": "github.actor"
            }
          },
          {
            "key": {
              "type": 0,
              "file": 1,
              "line": 47,
              "col": 11,
              "lit": "password"
            },
            "value": {
              "type": 3,
              "file": 1,
              "line": 47,
              "col": 21,
              "expr": "secrets.GITHUB_TOKEN"
            }
          }
        ]
      },
      "condition": "success()",
      "id": "bc14d088-0424-4e6a-917c-149b10bc9894",
      "name": "__docker_login-action"
    },
    {
      "type": "action",
      "reference": {
        "type": "script"
      },
      "displayNameToken": {
        "type": 0,
        "file": 1,
        "line": 49,
        "col": 15,
        "lit": "Pull Docker image"
      },
      "contextName": "__run",
      "inputs": {
        "type": 2,
        "map": [
          {
            "key": "script",
            "value": {
              "type": 3,
              "file": 1,
              "line": 50,
              "col": 14,
              "expr": "format('docker pull ghcr.io/{0}:latest', github.repository)"
            }
          }
        ]
      },
      "condition": "success()",
      "id": "607007c3-9631-4836-b029-26dcaccd74b7",
      "name": "__run"
    },
    {
      "type": "action",
      "reference": {
        "type": "script"
      },
      "displayNameToken": {
        "type": 0,
        "file": 1,
        "line": 52,
        "col": 15,
        "lit": "Deploy container"
      },
      "contextName": "__run_2",
      "inputs": {
        "type": 2,
        "map": [
          {
            "key": "script",
            "value": {
              "type": 3,
              "file": 1,
              "line": 54,
              "col": 14,
              "expr": "format('docker rm -f cicd-cd 2>$null\ndocker run -d --name cicd-cd -p 8086:80 ghcr.io/{0}:latest\n', github.repository)"
            }
          },
          {
            "key": "shell",
            "value": {
              "type": 0,
              "file": 1,
              "line": 53,
              "col": 16,
              "lit": "pwsh"
            }
          }
        ]
      },
      "condition": "success()",
      "id": "d3e93254-f247-4de1-868e-34bc8565efa7",
      "name": "__run_2"
    }
  ],
  "variables": {
    "Actions.EnableHttpRedirects": {
      "value": "true"
    },
    "DistributedTask.AddWarningToNode12Action": {
      "value": "true"
    },
    "DistributedTask.AddWarningToNode16Action": {
      "value": "true"
    },
    "DistributedTask.AllowRunnerContainerHooks": {
      "value": "true"
    },
    "DistributedTask.DeprecateStepOutputCommands": {
      "value": "true"
    },
    "DistributedTask.DetailUntarFailure": {
      "value": "true"
    },
    "DistributedTask.EnableCompositeActions": {
      "value": "true"
    },
    "DistributedTask.EnableJobServerQueueTelemetry": {
      "value": "true"
    },
    "DistributedTask.EnhancedAnnotations": {
      "value": "true"
    },
    "DistributedTask.ForceGithubJavascriptActionsToNode16": {
      "value": "true"
    },
    "DistributedTask.ForceGithubJavascriptActionsToNode20": {
      "value": "true"
    },
    "DistributedTask.LogTemplateErrorsAsDebugMessages": {
      "value": "true"
    },
    "DistributedTask.MarkJobAsFailedOnWorkerCrash": {
      "value": "true"
    },
    "DistributedTask.NewActionMetadata": {
      "value": "true"
    },
    "DistributedTask.UploadStepSummary": {
      "value": "true"
    },
    "DistributedTask.UseActionArchiveCache": {
      "value": "true"
    },
    "DistributedTask.UseWhich2": {
      "value": "true"
    },
    "RunService.FixEmbeddedIssues": {
      "value": "true"
    },
    "actions.runner.requirenode24": {
      "value": "true"
    },
    "actions.runner.usenode24bydefault": {
      "value": "true"
    },
    "actions.runner.warnonnode20": {
      "value": "true"
    },
    "actions_add_check_run_id_to_job_context": {
      "value": "true"
    },
    "actions_batch_action_resolution": {
      "value": "false"
    },
    "actions_cache_mode": {
      "value": "write"
    },
    "actions_container_action_runner_temp": {
      "value": "true"
    },
    "actions_display_helpful_actions_download_errors": {
      "value": "true"
    },
    "actions_runner_allow_artifacts_file": {
      "value": "false"
    },
    "actions_runner_compare_workflow_parser": {
      "value": "false"
    },
    "actions_runner_deprecate_linux_arm32": {
      "value": "true"
    },
    "actions_runner_emit_composite_markers": {
      "value": "true"
    },
    "actions_runner_kill_linux_arm32": {
      "value": "false"
    },
    "actions_runner_node20_removal_date": {
      "value": "September 23rd, 2026"
    },
    "actions_runner_node24_default_date": {
      "value": "June 16th, 2026"
    },
    "actions_self_repository": {
      "value": "true"
    },
    "actions_service_container_command": {
      "value": "true"
    },
    "actions_set_orchestration_id_env_for_actions": {
      "value": "true"
    },
    "actions_skip_retry_complete_job_upon_known_errors": {
      "value": "true"
    },
    "actions_snapshot_preflight_hosted_runner_check": {
      "value": "false"
    },
    "actions_snapshot_preflight_image_gen_pool_check": {
      "value": "false"
    },
    "actions_use_bearer_token_for_codeload": {
      "value": "false"
    },
    "actions_uses_cache_service_v2": {
      "value": "true"
    },
    "github_token": {
      "value": "***",
      "isSecret": true
    },
    "system.from_run_service": {
      "value": "true"
    },
    "system.github.job": {
      "value": "deploy"
    },
    "system.github.launch_endpoint": {
      "value": "https://launch.actions.githubusercontent.com"
    },
    "system.github.results_endpoint": {
      "value": "https://results-receiver.actions.githubusercontent.com/"
    },
    "system.github.results_upload_with_sdk": {
      "value": "true"
    },
    "system.github.token": {
      "value": "***",
      "isSecret": true
    },
    "system.github.token.permissions": {
      "value": "{\"Contents\":\"read\",\"Metadata\":\"read\",\"Packages\":\"write\"}"
    },
    "system.orchestrationId": {
      "value": "935426f4-7d61-42a8-af82-957ff9833afd.deploy.__default"
    },
    "system.phaseDisplayName": {
      "value": "deploy"
    },
    "system.runner.lowdiskspacethreshold": {
      "value": "100"
    },
    "system.runnerEnvironment": {
      "value": "self-hosted"
    },
    "system.runnerGroupName": {
      "value": "Default"
    }
  },
  "messageType": "RunnerJobRequest",
  "plan": {
    "scopeIdentifier": "00000000-0000-0000-0000-000000000000",
    "planType": "actions",
    "version": 0,
    "planId": "935426f4-7d61-42a8-af82-957ff9833afd",
    "planGroup": null,
    "artifactUri": null,
    "artifactLocation": null,
    "definition": null,
    "owner": null
  },
  "timeline": {
    "id": "935426f4-7d61-42a8-af82-957ff9833afd",
    "changeId": 0,
    "location": null
  },
  "jobId": "62211e0e-4c1f-567c-a3c2-d5690e8ab555",
  "jobDisplayName": "deploy",
  "jobName": "__default",
  "requestId": 0,
  "lockedUntil": "0001-01-01T00:00:00",
  "resources": {
    "endpoints": [
      {
        "data": {
          "ServerId": "",
          "ServerName": "",
          "CacheServerUrl": "https://artifactcache.actions.githubusercontent.com/u8lXog3qPUQp3aV3R8CM0BXfn9FLUc2xcSMa1XnxQ5K0SvBKBr/",
          "FeedStreamUrl": "wss://results-receiver.actions.githubusercontent.com/_ws/ingest.sock",
          "ResultsServiceUrl": "https://results-receiver.actions.githubusercontent.com/",
          "PipelinesServiceUrl": "https://pipelinesghubeus26.actions.githubusercontent.com/u8lXog3qPUQp3aV3R8CM0BXfn9FLUc2xcSMa1XnxQ5K0SvBKBr/",
          "GenerateIdTokenUrl": "",
          "ConnectivityChecks": "[\"https://broker.actions.githubusercontent.com/health\",\"https://token.actions.githubusercontent.com/ready\",\"https://run.actions.githubusercontent.com/health\"]",
          "ConnectivityAndDNSChecks": ""
        },
        "name": "SystemVssConnection",
        "url": "https://run-actions-3-azure-eastus.actions.githubusercontent.com/4/",
        "authorization": {
          "parameters": {
            "AccessToken": "***"
          },
          "scheme": "OAuth"
        },
        "isShared": false,
        "isReady": true
      }
    ]
  },
  "contextData": {
    "github": {
      "t": 2,
      "d": [
        {
          "k": "ref",
          "v": "refs/heads/main"
        },
        {
          "k": "sha",
          "v": "2ac63339a2ed8776fe3570610a59ea9bc0ae927c"
        },
        {
          "k": "repository",
          "v": "darwin642/cicd-lab"
        },
        {
          "k": "repository_owner",
          "v": "darwin642"
        },
        {
          "k": "repository_owner_id",
          "v": "310223005"
        },
        {
          "k": "repositoryUrl",
          "v": "git://github.com/darwin642/cicd-lab.git"
        },
        {
          "k": "run_id",
          "v": "36346515664"
        },
        {
          "k": "run_number",
          "v": "5"
        },
        {
          "k": "retention_days",
          "v": "90"
        },
        {
          "k": "run_attempt",
          "v": "1"
        },
        {
          "k": "artifact_cache_size_limit",
          "v": "10"
        },
        {
          "k": "repository_visibility",
          "v": "public"
        },
        {
          "k": "actor_id",
          "v": "310223005"
        },
        {
          "k": "actor",
          "v": "darwin642"
        },
        {
          "k": "workflow",
          "v": "CI"
        },
        {
          "k": "head_ref",
          "v": ""
        },
        {
          "k": "base_ref",
          "v": ""
        },
        {
          "k": "event_name",
          "v": "push"
        },
        {
          "k": "server_url",
          "v": "https://github.com"
        },
        {
          "k": "api_url",
          "v": "https://api.github.com"
        },
        {
          "k": "graphql_url",
          "v": "https://api.github.com/graphql"
        },
        {
          "k": "ref_name",
          "v": "main"
        },
        {
          "k": "ref_protected",
          "v": false
        },
        {
          "k": "ref_type",
          "v": "branch"
        },
        {
          "k": "secret_source",
          "v": "Actions"
        },
        {
          "k": "event",
          "v": {
            "t": 2,
            "d": [
              {
                "k": "after",
                "v": "2ac63339a2ed8776fe3570610a59ea9bc0ae927c"
              },
              {
                "k": "base_ref",
                "v": null
              },
              {
                "k": "before",
                "v": "40d8cc46337e580c148bfb333516d3d00899dd69"
              },
              {
                "k": "commits",
                "v": {
                  "t": 1,
                  "a": [
                    {
                      "t": 2,
                      "d": [
                        {
                          "k": "author",
                          "v": {
                            "t": 2,
                            "d": [
                              {
                                "k": "email",
                                "v": "kaan2002tf2@gmail.com"
                              },
                              {
                                "k": "name",
                                "v": "Kaan Yaşar"
                              },
                              {
                                "k": "username",
                                "v": "darwin642"
                              }
                            ]
                          }
                        },
                        {
                          "k": "committer",
                          "v": {
                            "t": 2,
                            "d": [
                              {
                                "k": "email",
                                "v": "kaan2002tf2@gmail.com"
                              },
                              {
                                "k": "name",
                                "v": "Kaan Yaşar"
                              },
                              {
                                "k": "username",
                                "v": "darwin642"
                              }
                            ]
                          }
                        },
                        {
                          "k": "distinct",
                          "v": true
                        },
                        {
                          "k": "id",
                          "v": "2ac63339a2ed8776fe3570610a59ea9bc0ae927c"
                        },
                        {
                          "k": "message",
                          "v": "Fix CI/CD workflow syntax"
                        },
                        {
                          "k": "timestamp",
                          "v": "2026-09-27T23:02:01+03:00"
                        },
                        {
                          "k": "tree_id",
                          "v": "c31e316a1d9e947a9b6a73b38b3b341af0573d6c"
                        },
                        {
                          "k": "url",
                          "v": "https://github.com/darwin642/cicd-lab/commit/2ac63339a2ed8776fe3570610a59ea9bc0ae927c"
                        }
                      ]
                    }
                  ]
                }
              },
              {
                "k": "compare",
                "v": "https://github.com/darwin642/cicd-lab/compare/40d8cc46337e...2ac63339a2ed"
              },
              {
                "k": "created",
                "v": false
              },
              {
                "k": "deleted",
                "v": false
              },
              {
                "k": "forced",
                "v": false
              },
              {
                "k": "head_commit",
                "v": {
                  "t": 2,
                  "d": [
                    {
                      "k": "author",
                      "v": {
                        "t": 2,
                        "d": [
                          {
                            "k": "email",
                            "v": "kaan2002tf2@gmail.com"
                          },
                          {
                            "k": "name",
                            "v": "Kaan Yaşar"
                          },
                          {
                            "k": "username",
                            "v": "darwin642"
                          }
                        ]
                      }
                    },
                    {
                      "k": "committer",
                      "v": {
                        "t": 2,
                        "d": [
                          {
                            "k": "email",
                            "v": "kaan2002tf2@gmail.com"
                          },
                          {
                            "k": "name",
                            "v": "Kaan Yaşar"
                          },
                          {
                            "k": "username",
                            "v": "darwin642"
                          }
                        ]
                      }
                    },
                    {
                      "k": "distinct",
                      "v": true
                    },
                    {
                      "k": "id",
                      "v": "2ac63339a2ed8776fe3570610a59ea9bc0ae927c"
                    },
                    {
                      "k": "message",
                      "v": "Fix CI/CD workflow syntax"
                    },
                    {
                      "k": "timestamp",
                      "v": "2026-09-27T23:02:01+03:00"
                    },
                    {
                      "k": "tree_id",
                      "v": "c31e316a1d9e947a9b6a73b38b3b341af0573d6c"
                    },
                    {
                      "k": "url",
                      "v": "https://github.com/darwin642/cicd-lab/commit/2ac63339a2ed8776fe3570610a59ea9bc0ae927c"
                    }
                  ]
                }
              },
              {
                "k": "pusher",
                "v": {
                  "t": 2,
                  "d": [
                    {
                      "k": "email",
                      "v": "kaan2002tf2@gmail.com"
                    },
                    {
                      "k": "name",
                      "v": "darwin642"
                    }
                  ]
                }
              },
              {
                "k": "ref",
                "v": "refs/heads/main"
              },
              {
                "k": "repository",
                "v": {
                  "t": 2,
                  "d": [
                    {
                      "k": "allow_forking",
                      "v": true
                    },
                    {
                      "k": "archive_url",
                      "v": "https://api.github.com/repos/darwin642/cicd-lab/{archive_format}{/ref}"
                    },
                    {
                      "k": "archived",
                      "v": false
                    },
                    {
                      "k": "assignees_url",
                      "v": "https://api.github.com/repos/darwin642/cicd-lab/assignees{/user}"
                    },
                    {
                      "k": "blobs_url",
                      "v": "https://api.github.com/repos/darwin642/cicd-lab/git/blobs{/sha}"
                    },
                    {
                      "k": "branches_url",
                      "v": "https://api.github.com/repos/darwin642/cicd-lab/branches{/branch}"
                    },
                    {
                      "k": "clone_url",
                      "v": "https://github.com/darwin642/cicd-lab.git"
                    },
                    {
                      "k": "collaborators_url",
                      "v": "https://api.github.com/repos/darwin642/cicd-lab/collaborators{/collaborator}"
                    },
                    {
                      "k": "comments_url",
                      "v": "https://api.github.com/repos/darwin642/cicd-lab/comments{/number}"
                    },
                    {
                      "k": "commits_url",
                      "v": "https://api.github.com/repos/darwin642/cicd-lab/commits{/sha}"
                    },
                    {
                      "k": "compare_url",
                      "v": "https://api.github.com/repos/darwin642/cicd-lab/compare/{base}...{head}"
                    },
                    {
                      "k": "contents_url",
                      "v": "https://api.github.com/repos/darwin642/cicd-lab/contents/{+path}"
                    },
                    {
                      "k": "contributors_url",
                      "v": "https://api.github.com/repos/darwin642/cicd-lab/contributors"
                    },
                    {
                      "k": "created_at",
                      "v": 1790529316.0
                    },
                    {
                      "k": "default_branch",
                      "v": "main"
                    },
                    {
                      "k": "deployments_url",
                      "v": "https://api.github.com/repos/darwin642/cicd-lab/deployments"
                    },
                    {
                      "k": "description",
                      "v": "cicd learn"
                    },
                    {
                      "k": "disabled",
                      "v": false
                    },
                    {
                      "k": "downloads_url",
                      "v": "https://api.github.com/repos/darwin642/cicd-lab/downloads"
                    },
                    {
                      "k": "events_url",
                      "v": "https://api.github.com/repos/darwin642/cicd-lab/events"
                    },
                    {
                      "k": "fork",
                      "v": false
                    },
                    {
                      "k": "forks",
                      "v": 0.0
                    },
                    {
                      "k": "forks_count",
                      "v": 0.0
                    },
                    {
                      "k": "forks_url",
                      "v": "https://api.github.com/repos/darwin642/cicd-lab/forks"
                    },
                    {
                      "k": "full_name",
                      "v": "darwin642/cicd-lab"
                    },
                    {
                      "k": "git_commits_url",
                      "v": "https://api.github.com/repos/darwin642/cicd-lab/git/commits{/sha}"
                    },
                    {
                      "k": "git_refs_url",
                      "v": "https://api.github.com/repos/darwin642/cicd-lab/git/refs{/sha}"
                    },
                    {
                      "k": "git_tags_url",
                      "v": "https://api.github.com/repos/darwin642/cicd-lab/git/tags{/sha}"
                    },
                    {
                      "k": "git_url",
                      "v": "git://github.com/darwin642/cicd-lab.git"
                    },
                    {
                      "k": "has_discussions",
                      "v": false
                    },
                    {
                      "k": "has_downloads",
                      "v": true
                    },
                    {
                      "k": "has_issues",
                      "v": true
                    },
                    {
                      "k": "has_pages",
                      "v": false
                    },
                    {
                      "k": "has_projects",
                      "v": true
                    },
                    {
                      "k": "has_pull_requests",
                      "v": true
                    },
                    {
                      "k": "has_wiki",
                      "v": true
                    },
                    {
                      "k": "homepage",
                      "v": null
                    },
                    {
                      "k": "hooks_url",
                      "v": "https://api.github.com/repos/darwin642/cicd-lab/hooks"
                    },
                    {
                      "k": "html_url",
                      "v": "https://github.com/darwin642/cicd-lab"
                    },
                    {
                      "k": "id",
                      "v": 1391192762.0
                    },
                    {
                      "k": "is_template",
                      "v": false
                    },
                    {
                      "k": "issue_comment_url",
                      "v": "https://api.github.com/repos/darwin642/cicd-lab/issues/comments{/number}"
                    },
                    {
                      "k": "issue_events_url",
                      "v": "https://api.github.com/repos/darwin642/cicd-lab/issues/events{/number}"
                    },
                    {
                      "k": "issues_url",
                      "v": "https://api.github.com/repos/darwin642/cicd-lab/issues{/number}"
                    },
                    {
                      "k": "keys_url",
                      "v": "https://api.github.com/repos/darwin642/cicd-lab/keys{/key_id}"
                    },
                    {
                      "k": "labels_url",
                      "v": "https://api.github.com/repos/darwin642/cicd-lab/labels{/name}"
                    },
                    {
                      "k": "language",
                      "v": "JavaScript"
                    },
                    {
                      "k": "languages_url",
                      "v": "https://api.github.com/repos/darwin642/cicd-lab/languages"
                    },
                    {
                      "k": "license",
                      "v": null
                    },
                    {
                      "k": "master_branch",
                      "v": "main"
                    },
                    {
                      "k": "merges_url",
                      "v": "https://api.github.com/repos/darwin642/cicd-lab/merges"
                    },
                    {
                      "k": "milestones_url",
                      "v": "https://api.github.com/repos/darwin642/cicd-lab/milestones{/number}"
                    },
                    {
                      "k": "mirror_url",
                      "v": null
                    },
                    {
                      "k": "name",
                      "v": "cicd-lab"
                    },
                    {
                      "k": "node_id",
                      "v": "R_kgDOUuvqug"
                    },
                    {
                      "k": "notifications_url",
                      "v": "https://api.github.com/repos/darwin642/cicd-lab/notifications{?since,all,participating}"
                    },
                    {
                      "k": "open_issues",
                      "v": 0.0
                    },
                    {
                      "k": "open_issues_count",
                      "v": 0.0
                    },
                    {
                      "k": "owner",
                      "v": {
                        "t": 2,
                        "d": [
                          {
                            "k": "avatar_url",
                            "v": "https://avatars.githubusercontent.com/u/310223005?v=4"
                          },
                          {
                            "k": "email",
                            "v": "kaan2002tf2@gmail.com"
                          },
                          {
                            "k": "events_url",
                            "v": "https://api.github.com/users/darwin642/events{/privacy}"
                          },
                          {
                            "k": "followers_url",
                            "v": "https://api.github.com/users/darwin642/followers"
                          },
                          {
                            "k": "following_url",
                            "v": "https://api.github.com/users/darwin642/following{/other_user}"
                          },
                          {
                            "k": "gists_url",
                            "v": "https://api.github.com/users/darwin642/gists{/gist_id}"
                          },
                          {
                            "k": "gravatar_id",
                            "v": ""
                          },
                          {
                            "k": "html_url",
                            "v": "https://github.com/darwin642"
                          },
                          {
                            "k": "id",
                            "v": 310223005.0
                          },
                          {
                            "k": "login",
                            "v": "darwin642"
                          },
                          {
                            "k": "name",
                            "v": "darwin642"
                          },
                          {
                            "k": "node_id",
                            "v": "U_kgDOEn2gnQ"
                          },
                          {
                            "k": "organizations_url",
                            "v": "https://api.github.com/users/darwin642/orgs"
                          },
                          {
                            "k": "received_events_url",
                            "v": "https://api.github.com/users/darwin642/received_events"
                          },
                          {
                            "k": "repos_url",
                            "v": "https://api.github.com/users/darwin642/repos"
                          },
                          {
                            "k": "site_admin",
                            "v": false
                          },
                          {
                            "k": "starred_url",
                            "v": "https://api.github.com/users/darwin642/starred{/owner}{/repo}"
                          },
                          {
                            "k": "subscriptions_url",
                            "v": "https://api.github.com/users/darwin642/subscriptions"
                          },
                          {
                            "k": "type",
                            "v": "User"
                          },
                          {
                            "k": "url",
                            "v": "https://api.github.com/users/darwin642"
                          },
                          {
                            "k": "user_view_type",
                            "v": "public"
                          }
                        ]
                      }
                    },
                    {
                      "k": "private",
                      "v": false
                    },
                    {
                      "k": "pull_request_creation_policy",
                      "v": "all"
                    },
                    {
                      "k": "pulls_url",
                      "v": "https://api.github.com/repos/darwin642/cicd-lab/pulls{/number}"
                    },
                    {
                      "k": "pushed_at",
                      "v": 1790539323.0
                    },
                    {
                      "k": "releases_url",
                      "v": "https://api.github.com/repos/darwin642/cicd-lab/releases{/id}"
                    },
                    {
                      "k": "size",
                      "v": 1.0
                    },
                    {
                      "k": "ssh_url",
                      "v": "git@github.com:darwin642/cicd-lab.git"
                    },
                    {
                      "k": "stargazers",
                      "v": 0.0
                    },
                    {
                      "k": "stargazers_count",
                      "v": 0.0
                    },
                    {
                      "k": "stargazers_url",
                      "v": "https://api.github.com/repos/darwin642/cicd-lab/stargazers"
                    },
                    {
                      "k": "statuses_url",
                      "v": "https://api.github.com/repos/darwin642/cicd-lab/statuses/{sha}"
                    },
                    {
                      "k": "subscribers_url",
                      "v": "https://api.github.com/repos/darwin642/cicd-lab/subscribers"
                    },
                    {
                      "k": "subscription_url",
                      "v": "https://api.github.com/repos/darwin642/cicd-lab/subscription"
                    },
                    {
                      "k": "svn_url",
                      "v": "https://github.com/darwin642/cicd-lab"
                    },
                    {
                      "k": "tags_url",
                      "v": "https://api.github.com/repos/darwin642/cicd-lab/tags"
                    },
                    {
                      "k": "teams_url",
                      "v": "https://api.github.com/repos/darwin642/cicd-lab/teams"
                    },
                    {
                      "k": "topics",
                      "v": {
                        "t": 1
                      }
                    },
                    {
                      "k": "trees_url",
                      "v": "https://api.github.com/repos/darwin642/cicd-lab/git/trees{/sha}"
                    },
                    {
                      "k": "updated_at",
                      "v": "2026-09-27T19:54:39Z"
                    },
                    {
                      "k": "url",
                      "v": "https://api.github.com/repos/darwin642/cicd-lab"
                    },
                    {
                      "k": "visibility",
                      "v": "public"
                    },
                    {
                      "k": "watchers",
                      "v": 0.0
                    },
                    {
                      "k": "watchers_count",
                      "v": 0.0
                    },
                    {
                      "k": "web_commit_signoff_required",
                      "v": false
                    }
                  ]
                }
              },
              {
                "k": "sender",
                "v": {
                  "t": 2,
                  "d": [
                    {
                      "k": "avatar_url",
                      "v": "https://avatars.githubusercontent.com/u/310223005?v=4"
                    },
                    {
                      "k": "events_url",
                      "v": "https://api.github.com/users/darwin642/events{/privacy}"
                    },
                    {
                      "k": "followers_url",
                      "v": "https://api.github.com/users/darwin642/followers"
                    },
                    {
                      "k": "following_url",
                      "v": "https://api.github.com/users/darwin642/following{/other_user}"
                    },
                    {
                      "k": "gists_url",
                      "v": "https://api.github.com/users/darwin642/gists{/gist_id}"
                    },
                    {
                      "k": "gravatar_id",
                      "v": ""
                    },
                    {
                      "k": "html_url",
                      "v": "https://github.com/darwin642"
                    },
                    {
                      "k": "id",
                      "v": 310223005.0
                    },
                    {
                      "k": "login",
                      "v": "darwin642"
                    },
                    {
                      "k": "node_id",
                      "v": "U_kgDOEn2gnQ"
                    },
                    {
                      "k": "organizations_url",
                      "v": "https://api.github.com/users/darwin642/orgs"
                    },
                    {
                      "k": "received_events_url",
                      "v": "https://api.github.com/users/darwin642/received_events"
                    },
                    {
                      "k": "repos_url",
                      "v": "https://api.github.com/users/darwin642/repos"
                    },
                    {
                      "k": "site_admin",
                      "v": false
                    },
                    {
                      "k": "starred_url",
                      "v": "https://api.github.com/users/darwin642/starred{/owner}{/repo}"
                    },
                    {
                      "k": "subscriptions_url",
                      "v": "https://api.github.com/users/darwin642/subscriptions"
                    },
                    {
                      "k": "type",
                      "v": "User"
                    },
                    {
                      "k": "url",
                      "v": "https://api.github.com/users/darwin642"
                    },
                    {
                      "k": "user_view_type",
                      "v": "public"
                    }
                  ]
                }
              }
            ]
          }
        },
        {
          "k": "workflow_ref",
          "v": "darwin642/cicd-lab/.github/workflows/ci.yml@refs/heads/main"
        },
        {
          "k": "workflow_sha",
          "v": "2ac63339a2ed8776fe3570610a59ea9bc0ae927c"
        },
        {
          "k": "repository_id",
          "v": "1391192762"
        },
        {
          "k": "triggering_actor",
          "v": "darwin642"
        }
      ]
    },
    "inputs": {
      "t": 2
    },
    "job": {
      "t": 2,
      "d": [
        {
          "k": "check_run_id",
          "v": 108696670597.0
        },
        {
          "k": "workflow_ref",
          "v": "darwin642/cicd-lab/.github/workflows/ci.yml@refs/heads/main"
        },
        {
          "k": "workflow_sha",
          "v": "2ac63339a2ed8776fe3570610a59ea9bc0ae927c"
        },
        {
          "k": "workflow_repository",
          "v": "darwin642/cicd-lab"
        },
        {
          "k": "workflow_file_path",
          "v": ".github/workflows/ci.yml"
        }
      ]
    },
    "matrix": null,
    "needs": {
      "t": 2,
      "d": [
        {
          "k": "build",
          "v": {
            "t": 2,
            "d": [
              {
                "k": "result",
                "v": "success"
              },
              {
                "k": "outputs",
                "v": {
                  "t": 2
                }
              }
            ]
          }
        }
      ]
    },
    "strategy": {
      "t": 2,
      "d": [
        {
          "k": "fail-fast",
          "v": true
        },
        {
          "k": "job-index",
          "v": 0.0
        },
        {
          "k": "job-total",
          "v": 1.0
        },
        {
          "k": "max-parallel",
          "v": 1.0
        }
      ]
    },
    "vars": {
      "t": 2
    }
  },
  "billingOwnerId": "U_kgDOEn2gnQ"
}
[2026-09-27 20:02:30Z INFO JobRunner] Job ID 62211e0e-4c1f-567c-a3c2-d5690e8ab555
[2026-09-27 20:02:30Z INFO ConfigurationStore] currentAssemblyLocation: E:\github\cicd-lab\actions-runner\bin\Runner.Worker.dll
[2026-09-27 20:02:30Z INFO HostContext] Well known directory 'Bin': 'E:\github\cicd-lab\actions-runner\bin'
[2026-09-27 20:02:30Z INFO ConfigurationStore] binPath: E:\github\cicd-lab\actions-runner\bin
[2026-09-27 20:02:30Z INFO HostContext] Well known directory 'Bin': 'E:\github\cicd-lab\actions-runner\bin'
[2026-09-27 20:02:30Z INFO HostContext] Well known directory 'Root': 'E:\github\cicd-lab\actions-runner'
[2026-09-27 20:02:30Z INFO ConfigurationStore] RootFolder: E:\github\cicd-lab\actions-runner
[2026-09-27 20:02:30Z INFO HostContext] Well known directory 'Bin': 'E:\github\cicd-lab\actions-runner\bin'
[2026-09-27 20:02:30Z INFO HostContext] Well known directory 'Root': 'E:\github\cicd-lab\actions-runner'
[2026-09-27 20:02:30Z INFO HostContext] Well known config file 'Runner': 'E:\github\cicd-lab\actions-runner\.runner'
[2026-09-27 20:02:30Z INFO ConfigurationStore] ConfigFilePath: E:\github\cicd-lab\actions-runner\.runner
[2026-09-27 20:02:30Z INFO HostContext] Well known directory 'Bin': 'E:\github\cicd-lab\actions-runner\bin'
[2026-09-27 20:02:30Z INFO HostContext] Well known directory 'Root': 'E:\github\cicd-lab\actions-runner'
[2026-09-27 20:02:30Z INFO HostContext] Well known config file 'MigratedRunner': 'E:\github\cicd-lab\actions-runner\.runner_migrated'
[2026-09-27 20:02:30Z INFO ConfigurationStore] MigratedConfigFilePath: E:\github\cicd-lab\actions-runner\.runner_migrated
[2026-09-27 20:02:30Z INFO HostContext] Well known directory 'Bin': 'E:\github\cicd-lab\actions-runner\bin'
[2026-09-27 20:02:30Z INFO HostContext] Well known directory 'Root': 'E:\github\cicd-lab\actions-runner'
[2026-09-27 20:02:30Z INFO HostContext] Well known config file 'Credentials': 'E:\github\cicd-lab\actions-runner\.credentials'
[2026-09-27 20:02:30Z INFO ConfigurationStore] CredFilePath: E:\github\cicd-lab\actions-runner\.credentials
[2026-09-27 20:02:30Z INFO HostContext] Well known directory 'Bin': 'E:\github\cicd-lab\actions-runner\bin'
[2026-09-27 20:02:30Z INFO HostContext] Well known directory 'Root': 'E:\github\cicd-lab\actions-runner'
[2026-09-27 20:02:30Z INFO HostContext] Well known config file 'MigratedCredentials': 'E:\github\cicd-lab\actions-runner\.credentials_migrated'
[2026-09-27 20:02:30Z INFO ConfigurationStore] MigratedCredFilePath: E:\github\cicd-lab\actions-runner\.credentials_migrated
[2026-09-27 20:02:30Z INFO HostContext] Well known directory 'Bin': 'E:\github\cicd-lab\actions-runner\bin'
[2026-09-27 20:02:30Z INFO HostContext] Well known directory 'Root': 'E:\github\cicd-lab\actions-runner'
[2026-09-27 20:02:30Z INFO HostContext] Well known config file 'Service': 'E:\github\cicd-lab\actions-runner\.service'
[2026-09-27 20:02:30Z INFO ConfigurationStore] ServiceConfigFilePath: E:\github\cicd-lab\actions-runner\.service
[2026-09-27 20:02:30Z INFO ConfigurationStore] Read setting file: 397 chars
[2026-09-27 20:02:30Z INFO JobRunner] Initializing launch client
[2026-09-27 20:02:30Z INFO JobServerQueue] Initializing results client
[2026-09-27 20:02:30Z INFO ResultServer] Creating websocket client ...wss://results-receiver.actions.githubusercontent.com/_ws/ingest.sock
[2026-09-27 20:02:30Z INFO ResultServer] Attempting to start websocket client with delay 00:00:00.
[2026-09-27 20:02:30Z INFO JobServerQueue] Start process web console line queue.
[2026-09-27 20:02:30Z INFO JobServerQueue] Start process file upload queue.
[2026-09-27 20:02:30Z INFO JobServerQueue] Start results file upload queue.
[2026-09-27 20:02:30Z INFO JobServerQueue] Starting results-based upload queue...
[2026-09-27 20:02:30Z INFO JobServerQueue] Start process timeline update queue.
[2026-09-27 20:02:30Z INFO ExecutionContext] Initializing Job context
[2026-09-27 20:02:30Z INFO ExecutionContext] Initialize GitHub context
[2026-09-27 20:02:30Z INFO ExecutionContext] Initialize Env context
[2026-09-27 20:02:30Z INFO HostContext] Well known directory 'Bin': 'E:\github\cicd-lab\actions-runner\bin'
[2026-09-27 20:02:30Z INFO HostContext] Well known directory 'Root': 'E:\github\cicd-lab\actions-runner'
[2026-09-27 20:02:30Z INFO HostContext] Well known directory 'Diag': 'E:\github\cicd-lab\actions-runner\_diag'
[2026-09-27 20:02:30Z INFO HostContext] Well known directory 'Bin': 'E:\github\cicd-lab\actions-runner\bin'
[2026-09-27 20:02:30Z INFO HostContext] Well known directory 'Root': 'E:\github\cicd-lab\actions-runner'
[2026-09-27 20:02:30Z INFO HostContext] Well known directory 'Diag': 'E:\github\cicd-lab\actions-runner\_diag'
[2026-09-27 20:02:30Z INFO JobRunner] Starting the job execution context.
[2026-09-27 20:02:30Z INFO HostContext] Well known directory 'Bin': 'E:\github\cicd-lab\actions-runner\bin'
[2026-09-27 20:02:30Z INFO HostContext] Well known directory 'Root': 'E:\github\cicd-lab\actions-runner'
[2026-09-27 20:02:30Z INFO HostContext] Well known directory 'Work': 'E:\github\cicd-lab\actions-runner\_work'
[2026-09-27 20:02:30Z INFO JobRunner] Validating directory permissions for: 'E:\github\cicd-lab\actions-runner\_work'
[2026-09-27 20:02:30Z INFO HostContext] Well known directory 'Bin': 'E:\github\cicd-lab\actions-runner\bin'
[2026-09-27 20:02:30Z INFO HostContext] Well known directory 'Root': 'E:\github\cicd-lab\actions-runner'
[2026-09-27 20:02:30Z INFO HostContext] Well known directory 'Work': 'E:\github\cicd-lab\actions-runner\_work'
[2026-09-27 20:02:30Z INFO HostContext] Well known directory 'Tools': 'E:\github\cicd-lab\actions-runner\_work\_tool'
[2026-09-27 20:02:30Z INFO HostContext] Well known directory 'Bin': 'E:\github\cicd-lab\actions-runner\bin'
[2026-09-27 20:02:30Z INFO HostContext] Well known directory 'Root': 'E:\github\cicd-lab\actions-runner'
[2026-09-27 20:02:30Z INFO HostContext] Well known directory 'Work': 'E:\github\cicd-lab\actions-runner\_work'
[2026-09-27 20:02:30Z INFO HostContext] Well known directory 'Temp': 'E:\github\cicd-lab\actions-runner\_work\_temp'
[2026-09-27 20:02:30Z INFO JobRunner] Getting job extension.
[2026-09-27 20:02:30Z INFO JobRunner] Initialize job. Getting all job steps.
[2026-09-27 20:02:30Z INFO HostContext] Well known directory 'Bin': 'E:\github\cicd-lab\actions-runner\bin'
[2026-09-27 20:02:30Z INFO HostContext] Well known directory 'Root': 'E:\github\cicd-lab\actions-runner'
[2026-09-27 20:02:30Z INFO HostContext] Well known directory 'Diag': 'E:\github\cicd-lab\actions-runner\_diag'
[2026-09-27 20:02:30Z INFO HostContext] Well known directory 'Bin': 'E:\github\cicd-lab\actions-runner\bin'
[2026-09-27 20:02:30Z INFO HostContext] Well known directory 'Root': 'E:\github\cicd-lab\actions-runner'
[2026-09-27 20:02:30Z INFO HostContext] Well known directory 'Diag': 'E:\github\cicd-lab\actions-runner\_diag'
[2026-09-27 20:02:30Z INFO HostContext] Well known directory 'Bin': 'E:\github\cicd-lab\actions-runner\bin'
[2026-09-27 20:02:30Z INFO HostContext] Well known directory 'Root': 'E:\github\cicd-lab\actions-runner'
[2026-09-27 20:02:30Z INFO HostContext] Well known config file 'Credentials': 'E:\github\cicd-lab\actions-runner\.credentials'
[2026-09-27 20:02:30Z INFO HostContext] Well known directory 'Bin': 'E:\github\cicd-lab\actions-runner\bin'
[2026-09-27 20:02:30Z INFO HostContext] Well known directory 'Root': 'E:\github\cicd-lab\actions-runner'
[2026-09-27 20:02:30Z INFO HostContext] Well known config file 'SetupInfo': 'E:\github\cicd-lab\actions-runner\.setup_info'
[2026-09-27 20:02:30Z INFO HostContext] Well known directory 'Bin': 'E:\github\cicd-lab\actions-runner\bin'
[2026-09-27 20:02:30Z INFO HostContext] Well known directory 'Root': 'E:\github\cicd-lab\actions-runner'
[2026-09-27 20:02:30Z INFO HostContext] Well known directory 'Work': 'E:\github\cicd-lab\actions-runner\_work'
[2026-09-27 20:02:30Z INFO PipelineDirectoryManager] Loading tracking config if exists: E:\github\cicd-lab\actions-runner\_work\_PipelineMapping\darwin642/cicd-lab\PipelineFolder.json
[2026-09-27 20:02:30Z INFO PipelineDirectoryManager] Creating a new tracking config file.
[2026-09-27 20:02:30Z INFO HostContext] Well known directory 'Bin': 'E:\github\cicd-lab\actions-runner\bin'
[2026-09-27 20:02:30Z INFO HostContext] Well known directory 'Root': 'E:\github\cicd-lab\actions-runner'
[2026-09-27 20:02:30Z INFO HostContext] Well known directory 'Work': 'E:\github\cicd-lab\actions-runner\_work'
[2026-09-27 20:02:30Z INFO PipelineDirectoryManager] Creating pipeline directory.
[2026-09-27 20:02:30Z INFO HostContext] Well known directory 'Bin': 'E:\github\cicd-lab\actions-runner\bin'
[2026-09-27 20:02:30Z INFO HostContext] Well known directory 'Root': 'E:\github\cicd-lab\actions-runner'
[2026-09-27 20:02:30Z INFO HostContext] Well known directory 'Work': 'E:\github\cicd-lab\actions-runner\_work'
[2026-09-27 20:02:30Z INFO PipelineDirectoryManager] Creating workspace directory.
[2026-09-27 20:02:30Z INFO HostContext] Well known directory 'Bin': 'E:\github\cicd-lab\actions-runner\bin'
[2026-09-27 20:02:30Z INFO HostContext] Well known directory 'Root': 'E:\github\cicd-lab\actions-runner'
[2026-09-27 20:02:30Z INFO HostContext] Well known directory 'Work': 'E:\github\cicd-lab\actions-runner\_work'
[2026-09-27 20:02:30Z INFO JobExtension] Downloading actions
[2026-09-27 20:02:30Z INFO HostContext] Well known directory 'Bin': 'E:\github\cicd-lab\actions-runner\bin'
[2026-09-27 20:02:30Z INFO HostContext] Well known directory 'Root': 'E:\github\cicd-lab\actions-runner'
[2026-09-27 20:02:30Z INFO HostContext] Well known directory 'Work': 'E:\github\cicd-lab\actions-runner\_work'
[2026-09-27 20:02:30Z INFO HostContext] Well known directory 'Actions': 'E:\github\cicd-lab\actions-runner\_work\_actions'
[2026-09-27 20:02:30Z INFO Worker] Listening for cancel message from the channel.
[2026-09-27 20:02:30Z INFO Worker] Waiting for the job to complete or for a cancel message from the channel.
[2026-09-27 20:02:30Z INFO ResultServer] Successfully started websocket client.
[2026-09-27 20:02:30Z INFO JobServerQueue] Try to append 1 batches web console lines for record 'a500dfa2-d5b6-46c1-b6ac-893805fa74fc', success rate: 1/1.
[2026-09-27 20:02:31Z INFO HostContext] Well known directory 'Bin': 'E:\github\cicd-lab\actions-runner\bin'
[2026-09-27 20:02:31Z INFO HostContext] Well known directory 'Root': 'E:\github\cicd-lab\actions-runner'
[2026-09-27 20:02:31Z INFO HostContext] Well known directory 'Work': 'E:\github\cicd-lab\actions-runner\_work'
[2026-09-27 20:02:31Z INFO HostContext] Well known directory 'Actions': 'E:\github\cicd-lab\actions-runner\_work\_actions'
[2026-09-27 20:02:31Z INFO HostContext] Well known directory 'Bin': 'E:\github\cicd-lab\actions-runner\bin'
[2026-09-27 20:02:31Z INFO HostContext] Well known directory 'Root': 'E:\github\cicd-lab\actions-runner'
[2026-09-27 20:02:31Z INFO HostContext] Well known directory 'Work': 'E:\github\cicd-lab\actions-runner\_work'
[2026-09-27 20:02:31Z INFO HostContext] Well known directory 'Actions': 'E:\github\cicd-lab\actions-runner\_work\_actions'
[2026-09-27 20:02:31Z INFO ActionManager] Save archive 'https://codeload.github.com/docker/login-action/zip/c94ce9fb468520275223c153574b00df6fe4bcc9' into E:\github\cicd-lab\actions-runner\_work\_actions\_temp_531f0c0b-2a34-4328-b827-2afba1ca0e59\84ce8530-d351-41ea-a999-14a4617797b5.zip.
[2026-09-27 20:02:31Z INFO ActionManager] Using Basic token for action archive download.
[2026-09-27 20:02:31Z INFO JobServerQueue] Try to append 1 batches web console lines for record 'a500dfa2-d5b6-46c1-b6ac-893805fa74fc', success rate: 1/1.
[2026-09-27 20:02:31Z INFO JobServerQueue] Job timeline record has been updated for the first time.
[2026-09-27 20:02:32Z INFO ActionManager] Request URL: https://codeload.github.com/docker/login-action/zip/c94ce9fb468520275223c153574b00df6fe4bcc9 X-GitHub-Request-Id: 595C:177741:5FC00F:AB5301:6AB97656 Http Status: OK
[2026-09-27 20:02:32Z INFO ActionManager] Finished getting action repository.
[2026-09-27 20:02:32Z INFO HostContext] Well known directory 'Bin': 'E:\github\cicd-lab\actions-runner\bin'
[2026-09-27 20:02:32Z INFO HostContext] Well known directory 'Root': 'E:\github\cicd-lab\actions-runner'
[2026-09-27 20:02:32Z INFO HostContext] Well known directory 'Work': 'E:\github\cicd-lab\actions-runner\_work'
[2026-09-27 20:02:32Z INFO HostContext] Well known directory 'Actions': 'E:\github\cicd-lab\actions-runner\_work\_actions'
[2026-09-27 20:02:32Z INFO ActionManifestManagerLegacy] Load schema file with definitions: [
  "null",
  "boolean",
  "number",
  "string",
  "sequence",
  "mapping",
  "any",
  "action-root",
  "inputs",
  "input",
  "outputs",
  "output-definition",
  "runs",
  "container-runs",
  "container-runs-args",
  "container-runs-env",
  "node-runs",
  "plugin-runs",
  "composite-runs",
  "composite-steps",
  "composite-step",
  "run-step",
  "uses-step",
  "container-runs-context",
  "output-value",
  "input-default-context",
  "non-empty-string",
  "string-steps-context",
  "boolean-steps-context",
  "step-env",
  "step-if",
  "step-with"
]
[2026-09-27 20:02:32Z INFO ActionManifestManager] Load schema file with definitions: [
  "null",
  "boolean",
  "number",
  "string",
  "sequence",
  "mapping",
  "any",
  "action-root",
  "inputs",
  "input",
  "outputs",
  "output-definition",
  "runs",
  "container-runs",
  "container-runs-args",
  "container-runs-env",
  "node-runs",
  "plugin-runs",
  "composite-runs",
  "composite-steps",
  "composite-step",
  "run-step",
  "uses-step",
  "container-runs-context",
  "output-value",
  "input-default-context",
  "non-empty-string",
  "string-steps-context",
  "boolean-steps-context",
  "step-env",
  "step-if",
  "step-with"
]
[2026-09-27 20:02:32Z INFO HostContext] Well known directory 'Bin': 'E:\github\cicd-lab\actions-runner\bin'
[2026-09-27 20:02:32Z INFO HostContext] Well known directory 'Root': 'E:\github\cicd-lab\actions-runner'
[2026-09-27 20:02:32Z INFO HostContext] Well known directory 'Work': 'E:\github\cicd-lab\actions-runner\_work'
[2026-09-27 20:02:32Z INFO HostContext] Well known directory 'Actions': 'E:\github\cicd-lab\actions-runner\_work\_actions'
[2026-09-27 20:02:32Z INFO ActionManifestManagerLegacy] Ignore action property author.
[2026-09-27 20:02:32Z INFO ActionManifestManagerLegacy] Ignore action property branding.
[2026-09-27 20:02:32Z INFO ActionManifestManagerLegacy] Loaded action.yml file: {
  "name": "Docker Login",
  "description": "GitHub Action to login against a Docker registry",
  "inputs": {
    "type": 2,
    "map": [
      {
        "key": {
          "type": 0,
          "file": 2,
          "line": 10,
          "col": 3,
          "lit": "registry"
        },
        "value": ""
      },
      {
        "key": {
          "type": 0,
          "file": 2,
          "line": 13,
          "col": 3,
          "lit": "username"
        },
        "value": ""
      },
      {
        "key": {
          "type": 0,
          "file": 2,
          "line": 16,
          "col": 3,
          "lit": "password"
        },
        "value": ""
      },
      {
        "key": {
          "type": 0,
          "file": 2,
          "line": 19,
          "col": 3,
          "lit": "ecr"
        },
        "value": ""
      },
      {
        "key": {
          "type": 0,
          "file": 2,
          "line": 22,
          "col": 3,
          "lit": "scope"
        },
        "value": ""
      },
      {
        "key": {
          "type": 0,
          "file": 2,
          "line": 25,
          "col": 3,
          "lit": "logout"
        },
        "value": {
          "type": 0,
          "file": 2,
          "line": 27,
          "col": 14,
          "lit": "true"
        }
      },
      {
        "key": {
          "type": 0,
          "file": 2,
          "line": 29,
          "col": 3,
          "lit": "registry-auth"
        },
        "value": ""
      }
    ]
  },
  "execution": {
    "executionType": "nodeJS",
    "hasPre": false,
    "hasPost": true,
    "script": "dist/index.js",
    "pre": null,
    "post": "dist/index.js",
    "nodeVersion": "node20",
    "cleanupCondition": "always()",
    "initCondition": "always()"
  },
  "deprecated": null
}
[2026-09-27 20:02:32Z INFO ActionManager] Action node.js file: dist/index.js, no more preparation.
[2026-09-27 20:02:32Z INFO HostContext] Well known directory 'Bin': 'E:\github\cicd-lab\actions-runner\bin'
[2026-09-27 20:02:32Z INFO HostContext] Well known directory 'Root': 'E:\github\cicd-lab\actions-runner'
[2026-09-27 20:02:32Z INFO HostContext] Well known directory 'Work': 'E:\github\cicd-lab\actions-runner\_work'
[2026-09-27 20:02:32Z INFO HostContext] Well known directory 'Actions': 'E:\github\cicd-lab\actions-runner\_work\_actions'
[2026-09-27 20:02:32Z INFO ActionManager] Load action that reference repository from 'E:\github\cicd-lab\actions-runner\_work\_actions\docker\login-action\v3'
[2026-09-27 20:02:32Z INFO HostContext] Well known directory 'Bin': 'E:\github\cicd-lab\actions-runner\bin'
[2026-09-27 20:02:32Z INFO HostContext] Well known directory 'Root': 'E:\github\cicd-lab\actions-runner'
[2026-09-27 20:02:32Z INFO HostContext] Well known directory 'Work': 'E:\github\cicd-lab\actions-runner\_work'
[2026-09-27 20:02:32Z INFO HostContext] Well known directory 'Actions': 'E:\github\cicd-lab\actions-runner\_work\_actions'
[2026-09-27 20:02:32Z INFO ActionManifestManagerLegacy] Ignore action property author.
[2026-09-27 20:02:32Z INFO ActionManifestManagerLegacy] Ignore action property branding.
[2026-09-27 20:02:32Z INFO ActionManifestManagerLegacy] Loaded action.yml file: {
  "name": "Docker Login",
  "description": "GitHub Action to login against a Docker registry",
  "inputs": {
    "type": 2,
    "map": [
      {
        "key": {
          "type": 0,
          "file": 2,
          "line": 10,
          "col": 3,
          "lit": "registry"
        },
        "value": ""
      },
      {
        "key": {
          "type": 0,
          "file": 2,
          "line": 13,
          "col": 3,
          "lit": "username"
        },
        "value": ""
      },
      {
        "key": {
          "type": 0,
          "file": 2,
          "line": 16,
          "col": 3,
          "lit": "password"
        },
        "value": ""
      },
      {
        "key": {
          "type": 0,
          "file": 2,
          "line": 19,
          "col": 3,
          "lit": "ecr"
        },
        "value": ""
      },
      {
        "key": {
          "type": 0,
          "file": 2,
          "line": 22,
          "col": 3,
          "lit": "scope"
        },
        "value": ""
      },
      {
        "key": {
          "type": 0,
          "file": 2,
          "line": 25,
          "col": 3,
          "lit": "logout"
        },
        "value": {
          "type": 0,
          "file": 2,
          "line": 27,
          "col": 14,
          "lit": "true"
        }
      },
      {
        "key": {
          "type": 0,
          "file": 2,
          "line": 29,
          "col": 3,
          "lit": "registry-auth"
        },
        "value": ""
      }
    ]
  },
  "execution": {
    "executionType": "nodeJS",
    "hasPre": false,
    "hasPost": true,
    "script": "dist/index.js",
    "pre": null,
    "post": "dist/index.js",
    "nodeVersion": "node20",
    "cleanupCondition": "always()",
    "initCondition": "always()"
  },
  "deprecated": null
}
[2026-09-27 20:02:32Z INFO ActionManager] Action pre node.js file: N/A.
[2026-09-27 20:02:32Z INFO ActionManager] Action node.js file: dist/index.js.
[2026-09-27 20:02:32Z INFO ActionManager] Action post node.js file: dist/index.js.
[2026-09-27 20:02:32Z INFO JobExtension] Adding .
[2026-09-27 20:02:32Z INFO JobExtension] Adding .
[2026-09-27 20:02:32Z INFO JobExtension] Adding .
[2026-09-27 20:02:32Z INFO HostContext] Well known directory 'Bin': 'E:\github\cicd-lab\actions-runner\bin'
[2026-09-27 20:02:32Z INFO HostContext] Well known directory 'Root': 'E:\github\cicd-lab\actions-runner'
[2026-09-27 20:02:32Z INFO HostContext] Well known directory 'Diag': 'E:\github\cicd-lab\actions-runner\_diag'
[2026-09-27 20:02:32Z INFO HostContext] Well known directory 'Bin': 'E:\github\cicd-lab\actions-runner\bin'
[2026-09-27 20:02:32Z INFO HostContext] Well known directory 'Root': 'E:\github\cicd-lab\actions-runner'
[2026-09-27 20:02:32Z INFO HostContext] Well known directory 'Diag': 'E:\github\cicd-lab\actions-runner\_diag'
[2026-09-27 20:02:32Z INFO HostContext] Well known directory 'Bin': 'E:\github\cicd-lab\actions-runner\bin'
[2026-09-27 20:02:32Z INFO HostContext] Well known directory 'Root': 'E:\github\cicd-lab\actions-runner'
[2026-09-27 20:02:32Z INFO HostContext] Well known directory 'Diag': 'E:\github\cicd-lab\actions-runner\_diag'
[2026-09-27 20:02:32Z INFO HostContext] Well known directory 'Bin': 'E:\github\cicd-lab\actions-runner\bin'
[2026-09-27 20:02:32Z INFO HostContext] Well known directory 'Root': 'E:\github\cicd-lab\actions-runner'
[2026-09-27 20:02:32Z INFO HostContext] Well known directory 'Diag': 'E:\github\cicd-lab\actions-runner\_diag'
[2026-09-27 20:02:32Z INFO HostContext] Well known directory 'Bin': 'E:\github\cicd-lab\actions-runner\bin'
[2026-09-27 20:02:32Z INFO HostContext] Well known directory 'Root': 'E:\github\cicd-lab\actions-runner'
[2026-09-27 20:02:32Z INFO HostContext] Well known directory 'Diag': 'E:\github\cicd-lab\actions-runner\_diag'
[2026-09-27 20:02:32Z INFO HostContext] Well known directory 'Bin': 'E:\github\cicd-lab\actions-runner\bin'
[2026-09-27 20:02:32Z INFO HostContext] Well known directory 'Root': 'E:\github\cicd-lab\actions-runner'
[2026-09-27 20:02:32Z INFO HostContext] Well known directory 'Diag': 'E:\github\cicd-lab\actions-runner\_diag'
[2026-09-27 20:02:32Z INFO JobExtension] Total accessible running process: 275.
[2026-09-27 20:02:32Z INFO HostContext] Well known directory 'Bin': 'E:\github\cicd-lab\actions-runner\bin'
[2026-09-27 20:02:32Z INFO HostContext] Well known directory 'Root': 'E:\github\cicd-lab\actions-runner'
[2026-09-27 20:02:32Z INFO HostContext] Well known directory 'Work': 'E:\github\cicd-lab\actions-runner\_work'
[2026-09-27 20:02:32Z INFO JobExtension] Start checking server connectivity.
[2026-09-27 20:02:32Z INFO JobExtension] Check server connectivity for https://broker.actions.githubusercontent.com/health.
[2026-09-27 20:02:32Z INFO JobExtension] Check server connectivity for https://token.actions.githubusercontent.com/ready.
[2026-09-27 20:02:32Z INFO JobExtension] Check server connectivity for https://run.actions.githubusercontent.com/health.
[2026-09-27 20:02:32Z INFO JobExtension] Start checking service connectivity in background.
[2026-09-27 20:02:32Z INFO ExecutionContext] Publish step telemetry for current step {
  "action": "setup_job",
  "type": "runner",
  "stage": "Pre",
  "stepId": "a500dfa2-d5b6-46c1-b6ac-893805fa74fc",
  "result": "succeeded",
  "errorMessages": [],
  "executionTimeInSeconds": 2,
  "startTime": "2026-09-27T20:02:30.5024336Z",
  "finishTime": "2026-09-27T20:02:32.4864876Z"
}.
[2026-09-27 20:02:32Z INFO JobRunner] Total job steps: 3.
[2026-09-27 20:02:32Z INFO JobRunner] Run all job steps.
[2026-09-27 20:02:32Z INFO DapDebugger] DapDebugger initialized
[2026-09-27 20:02:32Z INFO StepsRunner] Processing step: DisplayName='Log in to GHCR'
[2026-09-27 20:02:32Z INFO StepsRunner] Evaluating: success()
[2026-09-27 20:02:32Z INFO StepsRunner] Result: true
[2026-09-27 20:02:32Z INFO StepsRunner] Starting the step.
[2026-09-27 20:02:32Z INFO JobServerQueue] Try to append 1 batches web console lines for record 'a500dfa2-d5b6-46c1-b6ac-893805fa74fc', success rate: 1/1.
[2026-09-27 20:02:32Z INFO HostContext] Well known directory 'Bin': 'E:\github\cicd-lab\actions-runner\bin'
[2026-09-27 20:02:32Z INFO HostContext] Well known directory 'Root': 'E:\github\cicd-lab\actions-runner'
[2026-09-27 20:02:32Z INFO HostContext] Well known directory 'Work': 'E:\github\cicd-lab\actions-runner\_work'
[2026-09-27 20:02:32Z INFO StepsRunner] Which2: 'chcp'
[2026-09-27 20:02:32Z INFO StepsRunner] Location: 'C:\WINDOWS\system32\chcp.COM'
[2026-09-27 20:02:32Z INFO ProcessInvokerWrapper] Starting process:
[2026-09-27 20:02:32Z INFO ProcessInvokerWrapper]   File name: 'C:\WINDOWS\system32\chcp.COM'
[2026-09-27 20:02:32Z INFO ProcessInvokerWrapper]   Arguments: '65001'
[2026-09-27 20:02:32Z INFO ProcessInvokerWrapper]   Working directory: 'E:\github\cicd-lab\actions-runner\_work'
[2026-09-27 20:02:32Z INFO ProcessInvokerWrapper]   Require exit code zero: 'False'
[2026-09-27 20:02:32Z INFO ProcessInvokerWrapper]   Encoding web name:  ; code page: ''
[2026-09-27 20:02:32Z INFO ProcessInvokerWrapper]   Force kill process on cancellation: 'False'
[2026-09-27 20:02:32Z INFO ProcessInvokerWrapper]   Redirected STDIN: 'False'
[2026-09-27 20:02:32Z INFO ProcessInvokerWrapper]   Persist current code page: 'True'
[2026-09-27 20:02:32Z INFO ProcessInvokerWrapper]   Keep redirected STDIN open: 'False'
[2026-09-27 20:02:32Z INFO ProcessInvokerWrapper]   High priority process: 'False'
[2026-09-27 20:02:32Z INFO ProcessInvokerWrapper] Process started with process id 21736, waiting for process exit.
[2026-09-27 20:02:32Z INFO ProcessInvokerWrapper] STDOUT/STDERR stream read finished.
[2026-09-27 20:02:32Z INFO ProcessInvokerWrapper] STDOUT/STDERR stream read finished.
[2026-09-27 20:02:32Z INFO ProcessInvokerWrapper] Finished process 21736 with exit code 0, and elapsed time 00:00:00.0187676.
[2026-09-27 20:02:32Z INFO StepsRunner] Successfully returned to code page 65001 (UTF8)
[2026-09-27 20:02:32Z INFO HostContext] Well known directory 'Bin': 'E:\github\cicd-lab\actions-runner\bin'
[2026-09-27 20:02:32Z INFO HostContext] Well known directory 'Root': 'E:\github\cicd-lab\actions-runner'
[2026-09-27 20:02:32Z INFO HostContext] Well known directory 'Work': 'E:\github\cicd-lab\actions-runner\_work'
[2026-09-27 20:02:32Z INFO HostContext] Well known directory 'Actions': 'E:\github\cicd-lab\actions-runner\_work\_actions'
[2026-09-27 20:02:32Z INFO ActionManager] Load action that reference repository from 'E:\github\cicd-lab\actions-runner\_work\_actions\docker\login-action\v3'
[2026-09-27 20:02:32Z INFO HostContext] Well known directory 'Bin': 'E:\github\cicd-lab\actions-runner\bin'
[2026-09-27 20:02:32Z INFO HostContext] Well known directory 'Root': 'E:\github\cicd-lab\actions-runner'
[2026-09-27 20:02:32Z INFO HostContext] Well known directory 'Work': 'E:\github\cicd-lab\actions-runner\_work'
[2026-09-27 20:02:32Z INFO HostContext] Well known directory 'Actions': 'E:\github\cicd-lab\actions-runner\_work\_actions'
[2026-09-27 20:02:32Z INFO ActionManifestManagerLegacy] Ignore action property author.
[2026-09-27 20:02:32Z INFO ActionManifestManagerLegacy] Ignore action property branding.
[2026-09-27 20:02:32Z INFO ActionManifestManagerLegacy] Loaded action.yml file: {
  "name": "Docker Login",
  "description": "GitHub Action to login against a Docker registry",
  "inputs": {
    "type": 2,
    "map": [
      {
        "key": {
          "type": 0,
          "file": 2,
          "line": 10,
          "col": 3,
          "lit": "registry"
        },
        "value": ""
      },
      {
        "key": {
          "type": 0,
          "file": 2,
          "line": 13,
          "col": 3,
          "lit": "username"
        },
        "value": ""
      },
      {
        "key": {
          "type": 0,
          "file": 2,
          "line": 16,
          "col": 3,
          "lit": "password"
        },
        "value": ""
      },
      {
        "key": {
          "type": 0,
          "file": 2,
          "line": 19,
          "col": 3,
          "lit": "ecr"
        },
        "value": ""
      },
      {
        "key": {
          "type": 0,
          "file": 2,
          "line": 22,
          "col": 3,
          "lit": "scope"
        },
        "value": ""
      },
      {
        "key": {
          "type": 0,
          "file": 2,
          "line": 25,
          "col": 3,
          "lit": "logout"
        },
        "value": {
          "type": 0,
          "file": 2,
          "line": 27,
          "col": 14,
          "lit": "true"
        }
      },
      {
        "key": {
          "type": 0,
          "file": 2,
          "line": 29,
          "col": 3,
          "lit": "registry-auth"
        },
        "value": ""
      }
    ]
  },
  "execution": {
    "executionType": "nodeJS",
    "hasPre": false,
    "hasPost": true,
    "script": "dist/index.js",
    "pre": null,
    "post": "dist/index.js",
    "nodeVersion": "node20",
    "cleanupCondition": "always()",
    "initCondition": "always()"
  },
  "deprecated": null
}
[2026-09-27 20:02:32Z INFO ActionManager] Action pre node.js file: N/A.
[2026-09-27 20:02:32Z INFO ActionManager] Action node.js file: dist/index.js.
[2026-09-27 20:02:32Z INFO ActionManager] Action post node.js file: dist/index.js.
[2026-09-27 20:02:32Z INFO ExecutionContext] Reserve record order 5 to 8 for post job actions.
[2026-09-27 20:02:32Z INFO HostContext] Well known directory 'Bin': 'E:\github\cicd-lab\actions-runner\bin'
[2026-09-27 20:02:32Z INFO HostContext] Well known directory 'Root': 'E:\github\cicd-lab\actions-runner'
[2026-09-27 20:02:32Z INFO HostContext] Well known directory 'Diag': 'E:\github\cicd-lab\actions-runner\_diag'
[2026-09-27 20:02:32Z INFO HostContext] Well known directory 'Bin': 'E:\github\cicd-lab\actions-runner\bin'
[2026-09-27 20:02:32Z INFO HostContext] Well known directory 'Root': 'E:\github\cicd-lab\actions-runner'
[2026-09-27 20:02:32Z INFO HostContext] Well known directory 'Diag': 'E:\github\cicd-lab\actions-runner\_diag'
[2026-09-27 20:02:32Z INFO HostContext] Well known directory 'Bin': 'E:\github\cicd-lab\actions-runner\bin'
[2026-09-27 20:02:32Z INFO HostContext] Well known directory 'Root': 'E:\github\cicd-lab\actions-runner'
[2026-09-27 20:02:32Z INFO HostContext] Well known directory 'Work': 'E:\github\cicd-lab\actions-runner\_work'
[2026-09-27 20:02:32Z INFO HostContext] Well known directory 'Temp': 'E:\github\cicd-lab\actions-runner\_work\_temp'
[2026-09-27 20:02:32Z INFO ExecutionContext] Write event payload to E:\github\cicd-lab\actions-runner\_work\_temp\_github_workflow\event.json
[2026-09-27 20:02:32Z INFO HostContext] Well known directory 'Bin': 'E:\github\cicd-lab\actions-runner\bin'
[2026-09-27 20:02:32Z INFO HostContext] Well known directory 'Root': 'E:\github\cicd-lab\actions-runner'
[2026-09-27 20:02:32Z INFO HostContext] Well known directory 'Work': 'E:\github\cicd-lab\actions-runner\_work'
[2026-09-27 20:02:32Z INFO HostContext] Well known directory 'Temp': 'E:\github\cicd-lab\actions-runner\_work\_temp'
[2026-09-27 20:02:32Z INFO ExtensionManager] Getting extensions for interface: 'GitHub.Runner.Worker.IFileCommandExtension'
[2026-09-27 20:02:32Z INFO ExtensionManager] Creating instance: GitHub.Runner.Worker.AddPathFileCommand, Runner.Worker
[2026-09-27 20:02:32Z INFO ExtensionManager] Creating instance: GitHub.Runner.Worker.SetEnvFileCommand, Runner.Worker
[2026-09-27 20:02:32Z INFO ExtensionManager] Creating instance: GitHub.Runner.Worker.CreateStepSummaryCommand, Runner.Worker
[2026-09-27 20:02:32Z INFO ExtensionManager] Creating instance: GitHub.Runner.Worker.SaveStateFileCommand, Runner.Worker
[2026-09-27 20:02:32Z INFO ExtensionManager] Creating instance: GitHub.Runner.Worker.SetOutputFileCommand, Runner.Worker
[2026-09-27 20:02:32Z INFO ExtensionManager] Creating instance: GitHub.Runner.Worker.CreateArtifactsFileCommand, Runner.Worker
[2026-09-27 20:02:32Z INFO ExtensionManager] Creating instance: GitHub.Runner.Worker.ArtifactsListFileCommand, Runner.Worker
[2026-09-27 20:02:32Z INFO ActionManifestManagerLegacy] Input 'ecr': default value evaluate result: ""
[2026-09-27 20:02:32Z INFO ActionManifestManagerLegacy] Input 'scope': default value evaluate result: ""
[2026-09-27 20:02:32Z INFO ActionManifestManagerLegacy] Input 'logout': default value evaluate result: {
  "type": 0,
  "file": 2,
  "line": 27,
  "col": 14,
  "lit": "true"
}
[2026-09-27 20:02:32Z INFO ActionManifestManagerLegacy] Input 'registry-auth': default value evaluate result: ""
[2026-09-27 20:02:32Z INFO ExtensionManager] Getting extensions for interface: 'GitHub.Runner.Worker.IActionCommandExtension'
[2026-09-27 20:02:32Z INFO ExtensionManager] Creating instance: GitHub.Runner.Worker.InternalPluginSetRepoPathCommandExtension, Runner.Worker
[2026-09-27 20:02:32Z INFO ExtensionManager] Creating instance: GitHub.Runner.Worker.SetEnvCommandExtension, Runner.Worker
[2026-09-27 20:02:32Z INFO ExtensionManager] Creating instance: GitHub.Runner.Worker.SetOutputCommandExtension, Runner.Worker
[2026-09-27 20:02:32Z INFO ExtensionManager] Creating instance: GitHub.Runner.Worker.SaveStateCommandExtension, Runner.Worker
[2026-09-27 20:02:32Z INFO ExtensionManager] Creating instance: GitHub.Runner.Worker.AddPathCommandExtension, Runner.Worker
[2026-09-27 20:02:32Z INFO ExtensionManager] Creating instance: GitHub.Runner.Worker.AddMaskCommandExtension, Runner.Worker
[2026-09-27 20:02:32Z INFO ExtensionManager] Creating instance: GitHub.Runner.Worker.AddMatcherCommandExtension, Runner.Worker
[2026-09-27 20:02:32Z INFO ExtensionManager] Creating instance: GitHub.Runner.Worker.RemoveMatcherCommandExtension, Runner.Worker
[2026-09-27 20:02:32Z INFO ExtensionManager] Creating instance: GitHub.Runner.Worker.WarningCommandExtension, Runner.Worker
[2026-09-27 20:02:32Z INFO ExtensionManager] Creating instance: GitHub.Runner.Worker.ErrorCommandExtension, Runner.Worker
[2026-09-27 20:02:32Z INFO ExtensionManager] Creating instance: GitHub.Runner.Worker.NoticeCommandExtension, Runner.Worker
[2026-09-27 20:02:32Z INFO ExtensionManager] Creating instance: GitHub.Runner.Worker.DebugCommandExtension, Runner.Worker
[2026-09-27 20:02:32Z INFO ExtensionManager] Creating instance: GitHub.Runner.Worker.GroupCommandExtension, Runner.Worker
[2026-09-27 20:02:32Z INFO ExtensionManager] Creating instance: GitHub.Runner.Worker.EndGroupCommandExtension, Runner.Worker
[2026-09-27 20:02:32Z INFO ExtensionManager] Creating instance: GitHub.Runner.Worker.EchoCommandExtension, Runner.Worker
[2026-09-27 20:02:32Z INFO ActionCommandManager] Register action command extension for command internal-set-repo-path
[2026-09-27 20:02:32Z INFO ActionCommandManager] Register action command extension for command set-env
[2026-09-27 20:02:32Z INFO ActionCommandManager] Register action command extension for command set-output
[2026-09-27 20:02:32Z INFO ActionCommandManager] Register action command extension for command save-state
[2026-09-27 20:02:32Z INFO ActionCommandManager] Register action command extension for command add-path
[2026-09-27 20:02:32Z INFO ActionCommandManager] Register action command extension for command add-mask
[2026-09-27 20:02:32Z INFO ActionCommandManager] Register action command extension for command add-matcher
[2026-09-27 20:02:32Z INFO ActionCommandManager] Register action command extension for command remove-matcher
[2026-09-27 20:02:32Z INFO ActionCommandManager] Register action command extension for command warning
[2026-09-27 20:02:32Z INFO ActionCommandManager] Register action command extension for command error
[2026-09-27 20:02:32Z INFO ActionCommandManager] Register action command extension for command notice
[2026-09-27 20:02:32Z INFO ActionCommandManager] Register action command extension for command debug
[2026-09-27 20:02:32Z INFO ActionCommandManager] Register action command extension for command group
[2026-09-27 20:02:32Z INFO ActionCommandManager] Register action command extension for command endgroup
[2026-09-27 20:02:32Z INFO ActionCommandManager] Register action command extension for command echo
[2026-09-27 20:02:32Z INFO HostContext] Well known directory 'Bin': 'E:\github\cicd-lab\actions-runner\bin'
[2026-09-27 20:02:32Z INFO HostContext] Well known directory 'Root': 'E:\github\cicd-lab\actions-runner'
[2026-09-27 20:02:32Z INFO HostContext] Well known directory 'Externals': 'E:\github\cicd-lab\actions-runner\externals'
[2026-09-27 20:02:32Z INFO ProcessInvokerWrapper] Starting process:
[2026-09-27 20:02:32Z INFO ProcessInvokerWrapper]   File name: 'E:\github\cicd-lab\actions-runner\externals\node24\bin\node.exe'
[2026-09-27 20:02:32Z INFO ProcessInvokerWrapper]   Arguments: '"E:\github\cicd-lab\actions-runner\_work\_actions\docker\login-action\v3\dist/index.js"'
[2026-09-27 20:02:32Z INFO ProcessInvokerWrapper]   Working directory: 'E:\github\cicd-lab\actions-runner\_work\cicd-lab\cicd-lab'
[2026-09-27 20:02:32Z INFO ProcessInvokerWrapper]   Require exit code zero: 'False'
[2026-09-27 20:02:32Z INFO ProcessInvokerWrapper]   Encoding web name: utf-8 ; code page: '65001'
[2026-09-27 20:02:32Z INFO ProcessInvokerWrapper]   Force kill process on cancellation: 'False'
[2026-09-27 20:02:32Z INFO ProcessInvokerWrapper]   Redirected STDIN: 'False'
[2026-09-27 20:02:32Z INFO ProcessInvokerWrapper]   Persist current code page: 'True'
[2026-09-27 20:02:32Z INFO ProcessInvokerWrapper]   Keep redirected STDIN open: 'False'
[2026-09-27 20:02:32Z INFO ProcessInvokerWrapper]   High priority process: 'False'
[2026-09-27 20:02:32Z INFO JobServerQueue] Try to append 1 batches web console lines for record 'bc14d088-0424-4e6a-917c-149b10bc9894', success rate: 1/1.
[2026-09-27 20:02:33Z INFO JobServerQueue] Got a step log file to send to results service.
[2026-09-27 20:02:33Z INFO JobServerQueue] Starting upload of step log file to results service ResultsLog, E:\github\cicd-lab\actions-runner\_diag\blocks\935426f4-7d61-42a8-af82-957ff9833afd_a500dfa2-d5b6-46c1-b6ac-893805fa74fc.1
[2026-09-27 20:02:33Z INFO JobServerQueue] Try to upload 1 log files or attachments, success rate: 1/1.
[2026-09-27 20:02:34Z INFO ProcessInvokerWrapper] Process started with process id 19996, waiting for process exit.
[2026-09-27 20:02:34Z INFO JobServerQueue] Try to append 1 batches web console lines for record 'bc14d088-0424-4e6a-917c-149b10bc9894', success rate: 1/1.
[2026-09-27 20:02:35Z INFO JobServerQueue] Tried to upload 1 file(s) to results, success rate: 1/1.
[2026-09-27 20:02:35Z INFO ProcessInvokerWrapper] STDOUT/STDERR stream read finished.
[2026-09-27 20:02:35Z INFO ProcessInvokerWrapper] STDOUT/STDERR stream read finished.
[2026-09-27 20:02:35Z INFO ProcessInvokerWrapper] Finished process 19996 with exit code 0, and elapsed time 00:00:02.9824959.
[2026-09-27 20:02:35Z INFO CreateStepSummaryCommand] Step Summary file (E:\github\cicd-lab\actions-runner\_work\_temp\_runner_file_commands\step_summary_118d47d7-b918-4309-a52c-878b06b5cdff) is empty; skipping attachment upload
[2026-09-27 20:02:35Z INFO StepsRunner] Step result: 
[2026-09-27 20:02:35Z INFO ExecutionContext] Publish step telemetry for current step {
  "action": "docker/login-action",
  "ref": "v3",
  "type": "node24",
  "stage": "Main",
  "stepId": "bc14d088-0424-4e6a-917c-149b10bc9894",
  "stepContextName": "__docker_login-action",
  "hasPreStep": false,
  "hasPostStep": true,
  "result": "succeeded",
  "errorMessages": [],
  "executionTimeInSeconds": 4,
  "startTime": "2026-09-27T20:02:32.5010202Z",
  "finishTime": "2026-09-27T20:02:35.5833434Z"
}.
[2026-09-27 20:02:35Z INFO StepsRunner] No need for updating job result with current step result 'Succeeded'.
[2026-09-27 20:02:35Z INFO StepsRunner] Current state: job state = ''
[2026-09-27 20:02:35Z INFO StepsRunner] Processing step: DisplayName='Pull Docker image'
[2026-09-27 20:02:35Z INFO StepsRunner] Evaluating: success()
[2026-09-27 20:02:35Z INFO StepsRunner] Result: true
[2026-09-27 20:02:35Z INFO StepsRunner] Starting the step.
[2026-09-27 20:02:35Z INFO HostContext] Well known directory 'Bin': 'E:\github\cicd-lab\actions-runner\bin'
[2026-09-27 20:02:35Z INFO HostContext] Well known directory 'Root': 'E:\github\cicd-lab\actions-runner'
[2026-09-27 20:02:35Z INFO HostContext] Well known directory 'Work': 'E:\github\cicd-lab\actions-runner\_work'
[2026-09-27 20:02:35Z INFO StepsRunner] Which2: 'chcp'
[2026-09-27 20:02:35Z INFO StepsRunner] Location: 'C:\WINDOWS\system32\chcp.COM'
[2026-09-27 20:02:35Z INFO ProcessInvokerWrapper] Starting process:
[2026-09-27 20:02:35Z INFO ProcessInvokerWrapper]   File name: 'C:\WINDOWS\system32\chcp.COM'
[2026-09-27 20:02:35Z INFO ProcessInvokerWrapper]   Arguments: '65001'
[2026-09-27 20:02:35Z INFO ProcessInvokerWrapper]   Working directory: 'E:\github\cicd-lab\actions-runner\_work'
[2026-09-27 20:02:35Z INFO ProcessInvokerWrapper]   Require exit code zero: 'False'
[2026-09-27 20:02:35Z INFO ProcessInvokerWrapper]   Encoding web name:  ; code page: ''
[2026-09-27 20:02:35Z INFO ProcessInvokerWrapper]   Force kill process on cancellation: 'False'
[2026-09-27 20:02:35Z INFO ProcessInvokerWrapper]   Redirected STDIN: 'False'
[2026-09-27 20:02:35Z INFO ProcessInvokerWrapper]   Persist current code page: 'True'
[2026-09-27 20:02:35Z INFO ProcessInvokerWrapper]   Keep redirected STDIN open: 'False'
[2026-09-27 20:02:35Z INFO ProcessInvokerWrapper]   High priority process: 'False'
[2026-09-27 20:02:35Z INFO ProcessInvokerWrapper] Process started with process id 15992, waiting for process exit.
[2026-09-27 20:02:35Z INFO ProcessInvokerWrapper] STDOUT/STDERR stream read finished.
[2026-09-27 20:02:35Z INFO ProcessInvokerWrapper] STDOUT/STDERR stream read finished.
[2026-09-27 20:02:35Z INFO ProcessInvokerWrapper] Finished process 15992 with exit code 0, and elapsed time 00:00:00.0074250.
[2026-09-27 20:02:35Z INFO StepsRunner] Successfully returned to code page 65001 (UTF8)
[2026-09-27 20:02:35Z INFO HostContext] Well known directory 'Bin': 'E:\github\cicd-lab\actions-runner\bin'
[2026-09-27 20:02:35Z INFO HostContext] Well known directory 'Root': 'E:\github\cicd-lab\actions-runner'
[2026-09-27 20:02:35Z INFO HostContext] Well known directory 'Work': 'E:\github\cicd-lab\actions-runner\_work'
[2026-09-27 20:02:35Z INFO HostContext] Well known directory 'Temp': 'E:\github\cicd-lab\actions-runner\_work\_temp'
[2026-09-27 20:02:35Z INFO ExecutionContext] Write event payload to E:\github\cicd-lab\actions-runner\_work\_temp\_github_workflow\event.json
[2026-09-27 20:02:35Z INFO HostContext] Well known directory 'Bin': 'E:\github\cicd-lab\actions-runner\bin'
[2026-09-27 20:02:35Z INFO HostContext] Well known directory 'Root': 'E:\github\cicd-lab\actions-runner'
[2026-09-27 20:02:35Z INFO HostContext] Well known directory 'Work': 'E:\github\cicd-lab\actions-runner\_work'
[2026-09-27 20:02:35Z INFO HostContext] Well known directory 'Temp': 'E:\github\cicd-lab\actions-runner\_work\_temp'
[2026-09-27 20:02:35Z INFO ExtensionManager] Getting extensions for interface: 'GitHub.Runner.Worker.IFileCommandExtension'
[2026-09-27 20:02:35Z INFO ExtensionManager] Getting extensions for interface: 'GitHub.Runner.Worker.IActionCommandExtension'
[2026-09-27 20:02:35Z INFO ActionCommandManager] Register action command extension for command internal-set-repo-path
[2026-09-27 20:02:35Z INFO ActionCommandManager] Register action command extension for command set-env
[2026-09-27 20:02:35Z INFO ActionCommandManager] Register action command extension for command set-output
[2026-09-27 20:02:35Z INFO ActionCommandManager] Register action command extension for command save-state
[2026-09-27 20:02:35Z INFO ActionCommandManager] Register action command extension for command add-path
[2026-09-27 20:02:35Z INFO ActionCommandManager] Register action command extension for command add-mask
[2026-09-27 20:02:35Z INFO ActionCommandManager] Register action command extension for command add-matcher
[2026-09-27 20:02:35Z INFO ActionCommandManager] Register action command extension for command remove-matcher
[2026-09-27 20:02:35Z INFO ActionCommandManager] Register action command extension for command warning
[2026-09-27 20:02:35Z INFO ActionCommandManager] Register action command extension for command error
[2026-09-27 20:02:35Z INFO ActionCommandManager] Register action command extension for command notice
[2026-09-27 20:02:35Z INFO ActionCommandManager] Register action command extension for command debug
[2026-09-27 20:02:35Z INFO ActionCommandManager] Register action command extension for command group
[2026-09-27 20:02:35Z INFO ActionCommandManager] Register action command extension for command endgroup
[2026-09-27 20:02:35Z INFO ActionCommandManager] Register action command extension for command echo
[2026-09-27 20:02:35Z INFO ScriptHandler] Which2: 'pwsh'
[2026-09-27 20:02:35Z INFO JobServerQueue] Try to append 1 batches web console lines for record 'bc14d088-0424-4e6a-917c-149b10bc9894', success rate: 1/1.
[2026-09-27 20:02:35Z INFO JobServerQueue] Try to append 1 batches web console lines for record '607007c3-9631-4836-b029-26dcaccd74b7', success rate: 1/1.
[2026-09-27 20:02:35Z INFO ScriptHandler] pwsh: command not found. Make sure 'pwsh' is installed and its location included in the 'Path' environment variable.
[2026-09-27 20:02:35Z INFO ScriptHandler] Defaulting to powershell
[2026-09-27 20:02:35Z INFO ScriptHandler] Which2: 'powershell'
[2026-09-27 20:02:35Z INFO ScriptHandler] Location: 'C:\WINDOWS\System32\WindowsPowerShell\v1.0\powershell.EXE'
[2026-09-27 20:02:35Z INFO HostContext] Well known directory 'Bin': 'E:\github\cicd-lab\actions-runner\bin'
[2026-09-27 20:02:35Z INFO HostContext] Well known directory 'Root': 'E:\github\cicd-lab\actions-runner'
[2026-09-27 20:02:35Z INFO HostContext] Well known directory 'Work': 'E:\github\cicd-lab\actions-runner\_work'
[2026-09-27 20:02:35Z INFO HostContext] Well known directory 'Temp': 'E:\github\cicd-lab\actions-runner\_work\_temp'
[2026-09-27 20:02:35Z INFO ScriptHandler] Which2: 'pwsh'
[2026-09-27 20:02:35Z INFO ScriptHandler] pwsh: command not found. Make sure 'pwsh' is installed and its location included in the 'Path' environment variable.
[2026-09-27 20:02:35Z INFO ScriptHandler] Defaulting to powershell
[2026-09-27 20:02:35Z INFO ScriptHandler] Which2: 'powershell'
[2026-09-27 20:02:35Z INFO ScriptHandler] Location: 'C:\WINDOWS\System32\WindowsPowerShell\v1.0\powershell.EXE'
[2026-09-27 20:02:35Z INFO ProcessInvokerWrapper] Starting process:
[2026-09-27 20:02:35Z INFO ProcessInvokerWrapper]   File name: 'C:\WINDOWS\System32\WindowsPowerShell\v1.0\powershell.EXE'
[2026-09-27 20:02:35Z INFO ProcessInvokerWrapper]   Arguments: '-command ". 'E:\github\cicd-lab\actions-runner\_work\_temp\0a5309b6-baba-452a-ad62-29b7aa4b6c4c.ps1'"'
[2026-09-27 20:02:35Z INFO ProcessInvokerWrapper]   Working directory: 'E:\github\cicd-lab\actions-runner\_work\cicd-lab\cicd-lab'
[2026-09-27 20:02:35Z INFO ProcessInvokerWrapper]   Require exit code zero: 'False'
[2026-09-27 20:02:35Z INFO ProcessInvokerWrapper]   Encoding web name:  ; code page: ''
[2026-09-27 20:02:35Z INFO ProcessInvokerWrapper]   Force kill process on cancellation: 'False'
[2026-09-27 20:02:35Z INFO ProcessInvokerWrapper]   Redirected STDIN: 'False'
[2026-09-27 20:02:35Z INFO ProcessInvokerWrapper]   Persist current code page: 'True'
[2026-09-27 20:02:35Z INFO ProcessInvokerWrapper]   Keep redirected STDIN open: 'False'
[2026-09-27 20:02:35Z INFO ProcessInvokerWrapper]   High priority process: 'False'
[2026-09-27 20:02:35Z INFO ProcessInvokerWrapper] Process started with process id 3380, waiting for process exit.
[2026-09-27 20:02:35Z INFO JobServerQueue] Try to append 1 batches web console lines for record '607007c3-9631-4836-b029-26dcaccd74b7', success rate: 1/1.
[2026-09-27 20:02:36Z INFO JobServerQueue] Got a step log file to send to results service.
[2026-09-27 20:02:36Z INFO JobServerQueue] Starting upload of step log file to results service ResultsLog, E:\github\cicd-lab\actions-runner\_diag\blocks\935426f4-7d61-42a8-af82-957ff9833afd_bc14d088-0424-4e6a-917c-149b10bc9894.1
[2026-09-27 20:02:36Z INFO JobServerQueue] Try to upload 1 log files or attachments, success rate: 1/1.
[2026-09-27 20:02:36Z INFO JobServerQueue] Tried to upload 1 file(s) to results, success rate: 1/1.
[2026-09-27 20:02:36Z INFO JobServerQueue] Try to append 1 batches web console lines for record '607007c3-9631-4836-b029-26dcaccd74b7', success rate: 1/1.
[2026-09-27 20:02:38Z INFO JobServerQueue] Try to append 1 batches web console lines for record '607007c3-9631-4836-b029-26dcaccd74b7', success rate: 1/1.
[2026-09-27 20:02:38Z INFO JobServerQueue] Try to append 1 batches web console lines for record '607007c3-9631-4836-b029-26dcaccd74b7', success rate: 1/1.
[2026-09-27 20:02:39Z INFO JobServerQueue] Try to append 1 batches web console lines for record '607007c3-9631-4836-b029-26dcaccd74b7', success rate: 1/1.
[2026-09-27 20:02:39Z INFO JobServerQueue] Try to append 1 batches web console lines for record '607007c3-9631-4836-b029-26dcaccd74b7', success rate: 1/1.
[2026-09-27 20:02:39Z INFO JobServerQueue] Try to append 1 batches web console lines for record '607007c3-9631-4836-b029-26dcaccd74b7', success rate: 1/1.
[2026-09-27 20:02:40Z INFO JobServerQueue] Try to append 1 batches web console lines for record '607007c3-9631-4836-b029-26dcaccd74b7', success rate: 1/1.
[2026-09-27 20:02:40Z INFO JobServerQueue] Try to append 1 batches web console lines for record '607007c3-9631-4836-b029-26dcaccd74b7', success rate: 1/1.
[2026-09-27 20:02:42Z INFO JobServerQueue] Try to append 1 batches web console lines for record '607007c3-9631-4836-b029-26dcaccd74b7', success rate: 1/1.
[2026-09-27 20:02:42Z INFO ProcessInvokerWrapper] STDOUT/STDERR stream read finished.
[2026-09-27 20:02:42Z INFO ProcessInvokerWrapper] STDOUT/STDERR stream read finished.
[2026-09-27 20:02:42Z INFO ProcessInvokerWrapper] Finished process 3380 with exit code 0, and elapsed time 00:00:06.8205084.
[2026-09-27 20:02:42Z INFO CreateStepSummaryCommand] Step Summary file (E:\github\cicd-lab\actions-runner\_work\_temp\_runner_file_commands\step_summary_69c54a70-2dbb-427a-a723-d8f440cfccb7) is empty; skipping attachment upload
[2026-09-27 20:02:42Z INFO StepsRunner] Step result: 
[2026-09-27 20:02:42Z INFO ExecutionContext] Publish step telemetry for current step {
  "action": "powershell",
  "type": "run",
  "stage": "Main",
  "stepId": "607007c3-9631-4836-b029-26dcaccd74b7",
  "stepContextName": "__run",
  "result": "succeeded",
  "errorMessages": [],
  "executionTimeInSeconds": 7,
  "startTime": "2026-09-27T20:02:35.5850386Z",
  "finishTime": "2026-09-27T20:02:42.4864091Z"
}.
[2026-09-27 20:02:42Z INFO StepsRunner] No need for updating job result with current step result 'Succeeded'.
[2026-09-27 20:02:42Z INFO StepsRunner] Current state: job state = ''
[2026-09-27 20:02:42Z INFO StepsRunner] Processing step: DisplayName='Deploy container'
[2026-09-27 20:02:42Z INFO StepsRunner] Evaluating: success()
[2026-09-27 20:02:42Z INFO StepsRunner] Result: true
[2026-09-27 20:02:42Z INFO StepsRunner] Starting the step.
[2026-09-27 20:02:42Z INFO HostContext] Well known directory 'Bin': 'E:\github\cicd-lab\actions-runner\bin'
[2026-09-27 20:02:42Z INFO HostContext] Well known directory 'Root': 'E:\github\cicd-lab\actions-runner'
[2026-09-27 20:02:42Z INFO HostContext] Well known directory 'Work': 'E:\github\cicd-lab\actions-runner\_work'
[2026-09-27 20:02:42Z INFO StepsRunner] Which2: 'chcp'
[2026-09-27 20:02:42Z INFO JobServerQueue] Try to upload 1 log files or attachments, success rate: 1/1.
[2026-09-27 20:02:42Z INFO HostContext] Well known directory 'Bin': 'E:\github\cicd-lab\actions-runner\bin'
[2026-09-27 20:02:42Z INFO HostContext] Well known directory 'Root': 'E:\github\cicd-lab\actions-runner'
[2026-09-27 20:02:42Z INFO HostContext] Well known directory 'Work': 'E:\github\cicd-lab\actions-runner\_work'
[2026-09-27 20:02:42Z INFO StepsRunner] Location: 'C:\WINDOWS\system32\chcp.COM'
[2026-09-27 20:02:42Z INFO ProcessInvokerWrapper] Starting process:
[2026-09-27 20:02:42Z INFO ProcessInvokerWrapper]   File name: 'C:\WINDOWS\system32\chcp.COM'
[2026-09-27 20:02:42Z INFO ProcessInvokerWrapper]   Arguments: '65001'
[2026-09-27 20:02:42Z INFO ProcessInvokerWrapper]   Working directory: 'E:\github\cicd-lab\actions-runner\_work'
[2026-09-27 20:02:42Z INFO ProcessInvokerWrapper]   Require exit code zero: 'False'
[2026-09-27 20:02:42Z INFO ProcessInvokerWrapper]   Encoding web name:  ; code page: ''
[2026-09-27 20:02:42Z INFO ProcessInvokerWrapper]   Force kill process on cancellation: 'False'
[2026-09-27 20:02:42Z INFO ProcessInvokerWrapper]   Redirected STDIN: 'False'
[2026-09-27 20:02:42Z INFO ProcessInvokerWrapper]   Persist current code page: 'True'
[2026-09-27 20:02:42Z INFO ProcessInvokerWrapper]   Keep redirected STDIN open: 'False'
[2026-09-27 20:02:42Z INFO ProcessInvokerWrapper]   High priority process: 'False'
[2026-09-27 20:02:42Z INFO ProcessInvokerWrapper] Process started with process id 18716, waiting for process exit.
[2026-09-27 20:02:42Z INFO ProcessInvokerWrapper] STDOUT/STDERR stream read finished.
[2026-09-27 20:02:42Z INFO ProcessInvokerWrapper] STDOUT/STDERR stream read finished.
[2026-09-27 20:02:42Z INFO ProcessInvokerWrapper] Finished process 18716 with exit code 0, and elapsed time 00:00:00.0097171.
[2026-09-27 20:02:42Z INFO StepsRunner] Successfully returned to code page 65001 (UTF8)
[2026-09-27 20:02:42Z INFO HostContext] Well known directory 'Bin': 'E:\github\cicd-lab\actions-runner\bin'
[2026-09-27 20:02:42Z INFO HostContext] Well known directory 'Root': 'E:\github\cicd-lab\actions-runner'
[2026-09-27 20:02:42Z INFO HostContext] Well known directory 'Work': 'E:\github\cicd-lab\actions-runner\_work'
[2026-09-27 20:02:42Z INFO HostContext] Well known directory 'Temp': 'E:\github\cicd-lab\actions-runner\_work\_temp'
[2026-09-27 20:02:42Z INFO ExecutionContext] Write event payload to E:\github\cicd-lab\actions-runner\_work\_temp\_github_workflow\event.json
[2026-09-27 20:02:42Z INFO HostContext] Well known directory 'Bin': 'E:\github\cicd-lab\actions-runner\bin'
[2026-09-27 20:02:42Z INFO HostContext] Well known directory 'Root': 'E:\github\cicd-lab\actions-runner'
[2026-09-27 20:02:42Z INFO HostContext] Well known directory 'Work': 'E:\github\cicd-lab\actions-runner\_work'
[2026-09-27 20:02:42Z INFO HostContext] Well known directory 'Temp': 'E:\github\cicd-lab\actions-runner\_work\_temp'
[2026-09-27 20:02:42Z INFO ExtensionManager] Getting extensions for interface: 'GitHub.Runner.Worker.IFileCommandExtension'
[2026-09-27 20:02:42Z INFO ExtensionManager] Getting extensions for interface: 'GitHub.Runner.Worker.IActionCommandExtension'
[2026-09-27 20:02:42Z INFO ActionCommandManager] Register action command extension for command internal-set-repo-path
[2026-09-27 20:02:42Z INFO ActionCommandManager] Register action command extension for command set-env
[2026-09-27 20:02:42Z INFO ActionCommandManager] Register action command extension for command set-output
[2026-09-27 20:02:42Z INFO ActionCommandManager] Register action command extension for command save-state
[2026-09-27 20:02:42Z INFO ActionCommandManager] Register action command extension for command add-path
[2026-09-27 20:02:42Z INFO ActionCommandManager] Register action command extension for command add-mask
[2026-09-27 20:02:42Z INFO ActionCommandManager] Register action command extension for command add-matcher
[2026-09-27 20:02:42Z INFO ActionCommandManager] Register action command extension for command remove-matcher
[2026-09-27 20:02:42Z INFO ActionCommandManager] Register action command extension for command warning
[2026-09-27 20:02:42Z INFO ActionCommandManager] Register action command extension for command error
[2026-09-27 20:02:42Z INFO ActionCommandManager] Register action command extension for command notice
[2026-09-27 20:02:42Z INFO ActionCommandManager] Register action command extension for command debug
[2026-09-27 20:02:42Z INFO ActionCommandManager] Register action command extension for command group
[2026-09-27 20:02:42Z INFO ActionCommandManager] Register action command extension for command endgroup
[2026-09-27 20:02:42Z INFO ActionCommandManager] Register action command extension for command echo
[2026-09-27 20:02:42Z INFO ScriptHandler] Which2: 'pwsh'
[2026-09-27 20:02:42Z INFO ScriptHandler] pwsh: command not found. Make sure 'pwsh' is installed and its location included in the 'Path' environment variable.
[2026-09-27 20:02:42Z ERR  StepsRunner] Caught exception from step: System.IO.FileNotFoundException: pwsh: command not found
File name: 'pwsh'
   at GitHub.Runner.Sdk.WhichUtil.Which(String command, Boolean require, ITraceWriter trace, String prependPath)
   at GitHub.Runner.Worker.Handlers.ScriptHandler.PrintActionDetails(ActionRunStage stage)
   at GitHub.Runner.Worker.Handlers.Handler.PrepareExecution(ActionRunStage stage)
   at GitHub.Runner.Worker.ActionRunner.RunAsync()
   at GitHub.Runner.Worker.StepsRunner.RunStepAsync(IStep step, CancellationToken jobCancellationToken)
[2026-09-27 20:02:42Z INFO StepsRunner] Step result: Failed
[2026-09-27 20:02:42Z INFO StepsRunner] Update job result with current step result 'Failed'.
[2026-09-27 20:02:42Z INFO StepsRunner] Current state: job state = 'Failed'
[2026-09-27 20:02:42Z INFO StepsRunner] Processing step: DisplayName='Post Log in to GHCR'
[2026-09-27 20:02:42Z INFO StepsRunner] Evaluating: always()
[2026-09-27 20:02:42Z INFO StepsRunner] Result: true
[2026-09-27 20:02:42Z INFO StepsRunner] Starting the step.
[2026-09-27 20:02:42Z INFO HostContext] Well known directory 'Bin': 'E:\github\cicd-lab\actions-runner\bin'
[2026-09-27 20:02:42Z INFO HostContext] Well known directory 'Root': 'E:\github\cicd-lab\actions-runner'
[2026-09-27 20:02:42Z INFO HostContext] Well known directory 'Work': 'E:\github\cicd-lab\actions-runner\_work'
[2026-09-27 20:02:42Z INFO StepsRunner] Which2: 'chcp'
[2026-09-27 20:02:42Z INFO StepsRunner] Location: 'C:\WINDOWS\system32\chcp.COM'
[2026-09-27 20:02:42Z INFO ProcessInvokerWrapper] Starting process:
[2026-09-27 20:02:42Z INFO ProcessInvokerWrapper]   File name: 'C:\WINDOWS\system32\chcp.COM'
[2026-09-27 20:02:42Z INFO ProcessInvokerWrapper]   Arguments: '65001'
[2026-09-27 20:02:42Z INFO ProcessInvokerWrapper]   Working directory: 'E:\github\cicd-lab\actions-runner\_work'
[2026-09-27 20:02:42Z INFO ProcessInvokerWrapper]   Require exit code zero: 'False'
[2026-09-27 20:02:42Z INFO ProcessInvokerWrapper]   Encoding web name:  ; code page: ''
[2026-09-27 20:02:42Z INFO ProcessInvokerWrapper]   Force kill process on cancellation: 'False'
[2026-09-27 20:02:42Z INFO ProcessInvokerWrapper]   Redirected STDIN: 'False'
[2026-09-27 20:02:42Z INFO ProcessInvokerWrapper]   Persist current code page: 'True'
[2026-09-27 20:02:42Z INFO ProcessInvokerWrapper]   Keep redirected STDIN open: 'False'
[2026-09-27 20:02:42Z INFO ProcessInvokerWrapper]   High priority process: 'False'
[2026-09-27 20:02:42Z INFO JobServerQueue] Try to append 1 batches web console lines for record '607007c3-9631-4836-b029-26dcaccd74b7', success rate: 1/1.
[2026-09-27 20:02:42Z INFO JobServerQueue] Try to append 1 batches web console lines for record 'd3e93254-f247-4de1-868e-34bc8565efa7', success rate: 1/1.
[2026-09-27 20:02:42Z INFO ProcessInvokerWrapper] Process started with process id 7624, waiting for process exit.
[2026-09-27 20:02:42Z INFO ProcessInvokerWrapper] STDOUT/STDERR stream read finished.
[2026-09-27 20:02:42Z INFO ProcessInvokerWrapper] STDOUT/STDERR stream read finished.
[2026-09-27 20:02:42Z INFO ProcessInvokerWrapper] Finished process 7624 with exit code 0, and elapsed time 00:00:00.0082656.
[2026-09-27 20:02:42Z INFO StepsRunner] Successfully returned to code page 65001 (UTF8)
[2026-09-27 20:02:42Z INFO HostContext] Well known directory 'Bin': 'E:\github\cicd-lab\actions-runner\bin'
[2026-09-27 20:02:42Z INFO HostContext] Well known directory 'Root': 'E:\github\cicd-lab\actions-runner'
[2026-09-27 20:02:42Z INFO HostContext] Well known directory 'Work': 'E:\github\cicd-lab\actions-runner\_work'
[2026-09-27 20:02:42Z INFO HostContext] Well known directory 'Actions': 'E:\github\cicd-lab\actions-runner\_work\_actions'
[2026-09-27 20:02:42Z INFO ActionManager] Load action that reference repository from 'E:\github\cicd-lab\actions-runner\_work\_actions\docker\login-action\v3'
[2026-09-27 20:02:42Z INFO HostContext] Well known directory 'Bin': 'E:\github\cicd-lab\actions-runner\bin'
[2026-09-27 20:02:42Z INFO HostContext] Well known directory 'Root': 'E:\github\cicd-lab\actions-runner'
[2026-09-27 20:02:42Z INFO HostContext] Well known directory 'Work': 'E:\github\cicd-lab\actions-runner\_work'
[2026-09-27 20:02:42Z INFO HostContext] Well known directory 'Actions': 'E:\github\cicd-lab\actions-runner\_work\_actions'
[2026-09-27 20:02:42Z INFO ActionManifestManagerLegacy] Ignore action property author.
[2026-09-27 20:02:42Z INFO ActionManifestManagerLegacy] Ignore action property branding.
[2026-09-27 20:02:42Z INFO ActionManifestManagerLegacy] Loaded action.yml file: {
  "name": "Docker Login",
  "description": "GitHub Action to login against a Docker registry",
  "inputs": {
    "type": 2,
    "map": [
      {
        "key": {
          "type": 0,
          "file": 2,
          "line": 10,
          "col": 3,
          "lit": "registry"
        },
        "value": ""
      },
      {
        "key": {
          "type": 0,
          "file": 2,
          "line": 13,
          "col": 3,
          "lit": "username"
        },
        "value": ""
      },
      {
        "key": {
          "type": 0,
          "file": 2,
          "line": 16,
          "col": 3,
          "lit": "password"
        },
        "value": ""
      },
      {
        "key": {
          "type": 0,
          "file": 2,
          "line": 19,
          "col": 3,
          "lit": "ecr"
        },
        "value": ""
      },
      {
        "key": {
          "type": 0,
          "file": 2,
          "line": 22,
          "col": 3,
          "lit": "scope"
        },
        "value": ""
      },
      {
        "key": {
          "type": 0,
          "file": 2,
          "line": 25,
          "col": 3,
          "lit": "logout"
        },
        "value": {
          "type": 0,
          "file": 2,
          "line": 27,
          "col": 14,
          "lit": "true"
        }
      },
      {
        "key": {
          "type": 0,
          "file": 2,
          "line": 29,
          "col": 3,
          "lit": "registry-auth"
        },
        "value": ""
      }
    ]
  },
  "execution": {
    "executionType": "nodeJS",
    "hasPre": false,
    "hasPost": true,
    "script": "dist/index.js",
    "pre": null,
    "post": "dist/index.js",
    "nodeVersion": "node20",
    "cleanupCondition": "always()",
    "initCondition": "always()"
  },
  "deprecated": null
}
[2026-09-27 20:02:42Z INFO ActionManager] Action pre node.js file: N/A.
[2026-09-27 20:02:42Z INFO ActionManager] Action node.js file: dist/index.js.
[2026-09-27 20:02:42Z INFO ActionManager] Action post node.js file: dist/index.js.
[2026-09-27 20:02:42Z INFO HostContext] Well known directory 'Bin': 'E:\github\cicd-lab\actions-runner\bin'
[2026-09-27 20:02:42Z INFO HostContext] Well known directory 'Root': 'E:\github\cicd-lab\actions-runner'
[2026-09-27 20:02:42Z INFO HostContext] Well known directory 'Work': 'E:\github\cicd-lab\actions-runner\_work'
[2026-09-27 20:02:42Z INFO HostContext] Well known directory 'Temp': 'E:\github\cicd-lab\actions-runner\_work\_temp'
[2026-09-27 20:02:42Z INFO ExecutionContext] Write event payload to E:\github\cicd-lab\actions-runner\_work\_temp\_github_workflow\event.json
[2026-09-27 20:02:42Z INFO HostContext] Well known directory 'Bin': 'E:\github\cicd-lab\actions-runner\bin'
[2026-09-27 20:02:42Z INFO HostContext] Well known directory 'Root': 'E:\github\cicd-lab\actions-runner'
[2026-09-27 20:02:42Z INFO HostContext] Well known directory 'Work': 'E:\github\cicd-lab\actions-runner\_work'
[2026-09-27 20:02:42Z INFO HostContext] Well known directory 'Temp': 'E:\github\cicd-lab\actions-runner\_work\_temp'
[2026-09-27 20:02:42Z INFO ExtensionManager] Getting extensions for interface: 'GitHub.Runner.Worker.IFileCommandExtension'
[2026-09-27 20:02:42Z INFO ActionManifestManagerLegacy] Input 'ecr': default value evaluate result: ""
[2026-09-27 20:02:42Z INFO ActionManifestManagerLegacy] Input 'scope': default value evaluate result: ""
[2026-09-27 20:02:42Z INFO ActionManifestManagerLegacy] Input 'logout': default value evaluate result: {
  "type": 0,
  "file": 2,
  "line": 27,
  "col": 14,
  "lit": "true"
}
[2026-09-27 20:02:42Z INFO ActionManifestManagerLegacy] Input 'registry-auth': default value evaluate result: ""
[2026-09-27 20:02:42Z INFO ExtensionManager] Getting extensions for interface: 'GitHub.Runner.Worker.IActionCommandExtension'
[2026-09-27 20:02:42Z INFO ActionCommandManager] Register action command extension for command internal-set-repo-path
[2026-09-27 20:02:42Z INFO ActionCommandManager] Register action command extension for command set-env
[2026-09-27 20:02:42Z INFO ActionCommandManager] Register action command extension for command set-output
[2026-09-27 20:02:42Z INFO ActionCommandManager] Register action command extension for command save-state
[2026-09-27 20:02:42Z INFO ActionCommandManager] Register action command extension for command add-path
[2026-09-27 20:02:42Z INFO ActionCommandManager] Register action command extension for command add-mask
[2026-09-27 20:02:42Z INFO ActionCommandManager] Register action command extension for command add-matcher
[2026-09-27 20:02:42Z INFO ActionCommandManager] Register action command extension for command remove-matcher
[2026-09-27 20:02:42Z INFO ActionCommandManager] Register action command extension for command warning
[2026-09-27 20:02:42Z INFO ActionCommandManager] Register action command extension for command error
[2026-09-27 20:02:42Z INFO ActionCommandManager] Register action command extension for command notice
[2026-09-27 20:02:42Z INFO ActionCommandManager] Register action command extension for command debug
[2026-09-27 20:02:42Z INFO ActionCommandManager] Register action command extension for command group
[2026-09-27 20:02:42Z INFO ActionCommandManager] Register action command extension for command endgroup
[2026-09-27 20:02:42Z INFO ActionCommandManager] Register action command extension for command echo
[2026-09-27 20:02:42Z INFO HostContext] Well known directory 'Bin': 'E:\github\cicd-lab\actions-runner\bin'
[2026-09-27 20:02:42Z INFO HostContext] Well known directory 'Root': 'E:\github\cicd-lab\actions-runner'
[2026-09-27 20:02:42Z INFO HostContext] Well known directory 'Externals': 'E:\github\cicd-lab\actions-runner\externals'
[2026-09-27 20:02:42Z INFO ProcessInvokerWrapper] Starting process:
[2026-09-27 20:02:42Z INFO ProcessInvokerWrapper]   File name: 'E:\github\cicd-lab\actions-runner\externals\node24\bin\node.exe'
[2026-09-27 20:02:42Z INFO ProcessInvokerWrapper]   Arguments: '"E:\github\cicd-lab\actions-runner\_work\_actions\docker\login-action\v3\dist/index.js"'
[2026-09-27 20:02:42Z INFO ProcessInvokerWrapper]   Working directory: 'E:\github\cicd-lab\actions-runner\_work\cicd-lab\cicd-lab'
[2026-09-27 20:02:42Z INFO ProcessInvokerWrapper]   Require exit code zero: 'False'
[2026-09-27 20:02:42Z INFO ProcessInvokerWrapper]   Encoding web name: utf-8 ; code page: '65001'
[2026-09-27 20:02:42Z INFO ProcessInvokerWrapper]   Force kill process on cancellation: 'False'
[2026-09-27 20:02:42Z INFO ProcessInvokerWrapper]   Redirected STDIN: 'False'
[2026-09-27 20:02:42Z INFO ProcessInvokerWrapper]   Persist current code page: 'True'
[2026-09-27 20:02:42Z INFO ProcessInvokerWrapper]   Keep redirected STDIN open: 'False'
[2026-09-27 20:02:42Z INFO ProcessInvokerWrapper]   High priority process: 'False'
[2026-09-27 20:02:42Z INFO ProcessInvokerWrapper] Process started with process id 21148, waiting for process exit.
[2026-09-27 20:02:42Z INFO JobServerQueue] Got a step log file to send to results service.
[2026-09-27 20:02:42Z INFO JobServerQueue] Starting upload of step log file to results service ResultsLog, E:\github\cicd-lab\actions-runner\_diag\blocks\935426f4-7d61-42a8-af82-957ff9833afd_607007c3-9631-4836-b029-26dcaccd74b7.1
[2026-09-27 20:02:42Z INFO JobServerQueue] Try to append 1 batches web console lines for record '7e976ec3-7062-415a-a35e-2fd7a88b86bb', success rate: 1/1.
[2026-09-27 20:02:43Z INFO JobServerQueue] Try to append 1 batches web console lines for record '7e976ec3-7062-415a-a35e-2fd7a88b86bb', success rate: 1/1.
[2026-09-27 20:02:43Z INFO ProcessInvokerWrapper] STDOUT/STDERR stream read finished.
[2026-09-27 20:02:43Z INFO ProcessInvokerWrapper] STDOUT/STDERR stream read finished.
[2026-09-27 20:02:43Z INFO ProcessInvokerWrapper] Finished process 21148 with exit code 0, and elapsed time 00:00:00.5422015.
[2026-09-27 20:02:43Z INFO CreateStepSummaryCommand] Step Summary file (E:\github\cicd-lab\actions-runner\_work\_temp\_runner_file_commands\step_summary_2f3509a4-bfe6-4626-b528-e5b502744324) is empty; skipping attachment upload
[2026-09-27 20:02:43Z INFO StepsRunner] Step result: 
[2026-09-27 20:02:43Z INFO ExecutionContext] Publish step telemetry for current step {
  "action": "docker/login-action",
  "ref": "v3",
  "type": "node24",
  "stage": "Post",
  "stepId": "7e976ec3-7062-415a-a35e-2fd7a88b86bb",
  "result": "succeeded",
  "errorMessages": [],
  "executionTimeInSeconds": 1,
  "startTime": "2026-09-27T20:02:42.546301Z",
  "finishTime": "2026-09-27T20:02:43.1103298Z"
}.
[2026-09-27 20:02:43Z INFO StepsRunner] No need for updating job result with current step result 'Succeeded'.
[2026-09-27 20:02:43Z INFO StepsRunner] Current state: job state = 'Failed'
[2026-09-27 20:02:43Z INFO JobRunner] Finalize job.
[2026-09-27 20:02:43Z INFO HostContext] Well known directory 'Bin': 'E:\github\cicd-lab\actions-runner\bin'
[2026-09-27 20:02:43Z INFO HostContext] Well known directory 'Root': 'E:\github\cicd-lab\actions-runner'
[2026-09-27 20:02:43Z INFO HostContext] Well known directory 'Diag': 'E:\github\cicd-lab\actions-runner\_diag'
[2026-09-27 20:02:43Z INFO HostContext] Well known directory 'Bin': 'E:\github\cicd-lab\actions-runner\bin'
[2026-09-27 20:02:43Z INFO HostContext] Well known directory 'Root': 'E:\github\cicd-lab\actions-runner'
[2026-09-27 20:02:43Z INFO HostContext] Well known directory 'Diag': 'E:\github\cicd-lab\actions-runner\_diag'
[2026-09-27 20:02:43Z INFO JobExtension] Initialize Env context
[2026-09-27 20:02:43Z INFO JobExtension] Initialize steps context
[2026-09-27 20:02:43Z INFO JobExtension] Total accessible running process: 275.
[2026-09-27 20:02:43Z INFO JobExtension] Wait for all connectivity checks to finish.
[2026-09-27 20:02:43Z INFO JobExtension] Connectivity check result: {
  "endpointUrl": "https://broker.actions.githubusercontent.com/health",
  "endpointIPs": null,
  "startTime": "2026-09-27T20:02:32.4835093Z",
  "statusCode": "http_OK",
  "requestId": "58F4:1DAC2F:17C8A:22AEF:6AB97658",
  "httpRequestDurationInMs": 434,
  "dnsResolutionDurationInMs": 0,
  "dnsError": null
}
[2026-09-27 20:02:43Z INFO JobExtension] Connectivity check result: {
  "endpointUrl": "https://token.actions.githubusercontent.com/ready",
  "endpointIPs": null,
  "startTime": "2026-09-27T20:02:32.4841187Z",
  "statusCode": "http_NoContent",
  "requestId": "5A30:1AA12C:1BC43E:2717E5:6AB97658",
  "httpRequestDurationInMs": 423,
  "dnsResolutionDurationInMs": 0,
  "dnsError": null
}
[2026-09-27 20:02:43Z INFO JobExtension] Connectivity check result: {
  "endpointUrl": "https://run.actions.githubusercontent.com/health",
  "endpointIPs": null,
  "startTime": "2026-09-27T20:02:32.484267Z",
  "statusCode": "http_OK",
  "requestId": "595F:13C2B7:17F15:22B60:6AB97658",
  "httpRequestDurationInMs": 510,
  "dnsResolutionDurationInMs": 0,
  "dnsError": null
}
[2026-09-27 20:02:43Z INFO ExecutionContext] Publish step telemetry for current step {
  "action": "complete_job",
  "type": "runner",
  "stage": "Post",
  "stepId": "3a8a3583-72b2-4959-b898-93ebfa9d5451",
  "result": "succeeded",
  "errorMessages": [
    "Node.js 20 is deprecated. The following actions target Node.js 20 but are being forced to run on Node.js 24: docker/login-action@v3. For more information see: https://github.blog/changelog/2025-09-19-deprecation-of-node-20-on-github-actions-runners/"
  ],
  "executionTimeInSeconds": 1,
  "startTime": "2026-09-27T20:02:43.1168428Z",
  "finishTime": "2026-09-27T20:02:43.1324621Z"
}.
[2026-09-27 20:02:43Z INFO JobRunner] Job result after all job steps finish: Failed
[2026-09-27 20:02:43Z INFO JobRunner] Completing the job execution context.
[2026-09-27 20:02:43Z INFO JobRunner] Shutting down the job server queue.
[2026-09-27 20:02:43Z INFO JobServerQueue] Fire signal to shutdown all queues.
[2026-09-27 20:02:43Z INFO JobServerQueue] Got a step log file to send to results service.
[2026-09-27 20:02:43Z INFO JobServerQueue] Starting upload of step log file to results service ResultsLog, E:\github\cicd-lab\actions-runner\_diag\blocks\935426f4-7d61-42a8-af82-957ff9833afd_d3e93254-f247-4de1-868e-34bc8565efa7.1
[2026-09-27 20:02:43Z INFO JobServerQueue] Tried to upload 2 file(s) to results, success rate: 2/2.
[2026-09-27 20:02:44Z INFO JobServerQueue] All queue process task stopped.
[2026-09-27 20:02:44Z INFO JobServerQueue] Try to append 1 batches web console lines for record '7e976ec3-7062-415a-a35e-2fd7a88b86bb', success rate: 1/1.
[2026-09-27 20:02:44Z INFO JobServerQueue] Try to append 1 batches web console lines for record '3a8a3583-72b2-4959-b898-93ebfa9d5451', success rate: 1/1.
[2026-09-27 20:02:44Z INFO JobServerQueue] Web console line queue drained.
[2026-09-27 20:02:44Z INFO JobServerQueue] Uploading 4 files in one shot.
[2026-09-27 20:02:44Z INFO JobServerQueue] Try to upload 4 log files or attachments, success rate: 4/4.
[2026-09-27 20:02:44Z INFO JobServerQueue] File upload queue drained.
[2026-09-27 20:02:44Z INFO JobServerQueue] Starting results-based upload queue...
[2026-09-27 20:02:44Z INFO JobServerQueue] Uploading 3 file(s) in one shot through results service.
[2026-09-27 20:02:44Z INFO JobServerQueue] Got a step log file to send to results service.
[2026-09-27 20:02:44Z INFO JobServerQueue] Starting upload of step log file to results service ResultsLog, E:\github\cicd-lab\actions-runner\_diag\blocks\935426f4-7d61-42a8-af82-957ff9833afd_7e976ec3-7062-415a-a35e-2fd7a88b86bb.1
[2026-09-27 20:02:45Z INFO JobServerQueue] Got a step log file to send to results service.
[2026-09-27 20:02:45Z INFO JobServerQueue] Starting upload of step log file to results service ResultsLog, E:\github\cicd-lab\actions-runner\_diag\blocks\935426f4-7d61-42a8-af82-957ff9833afd_3a8a3583-72b2-4959-b898-93ebfa9d5451.1
[2026-09-27 20:02:45Z INFO JobServerQueue] Got a job log file to send to results service.
[2026-09-27 20:02:45Z INFO JobServerQueue] Starting upload of job log file to results service ResultsLog, E:\github\cicd-lab\actions-runner\_diag\blocks\935426f4-7d61-42a8-af82-957ff9833afd_62211e0e-4c1f-567c-a3c2-d5690e8ab555.1
[2026-09-27 20:02:46Z INFO JobServerQueue] Tried to upload 3 file(s) to results, success rate: 3/3.
[2026-09-27 20:02:46Z INFO JobServerQueue] Results upload queue drained.
[2026-09-27 20:02:46Z INFO JobServerQueue] Timeline update queue drained.
[2026-09-27 20:02:46Z INFO JobServerQueue] Disposing job server ...
[2026-09-27 20:02:46Z INFO JobServerQueue] Disposing results server ...
[2026-09-27 20:02:46Z INFO JobServerQueue] All queue process tasks have been stopped, and all queues are drained.
[2026-09-27 20:02:46Z INFO TempDirectoryManager] Cleaning runner temp folder: E:\github\cicd-lab\actions-runner\_work\_temp
[2026-09-27 20:02:46Z INFO HostContext] Well known directory 'Bin': 'E:\github\cicd-lab\actions-runner\bin'
[2026-09-27 20:02:46Z INFO HostContext] Well known directory 'Root': 'E:\github\cicd-lab\actions-runner'
[2026-09-27 20:02:46Z INFO HostContext] Well known directory 'Diag': 'E:\github\cicd-lab\actions-runner\_diag'
[2026-09-27 20:02:46Z INFO HostContext] Well known config file 'Telemetry': 'E:\github\cicd-lab\actions-runner\_diag\.telemetry'
[2026-09-27 20:02:46Z INFO JobRunner] Raising job completed against run service
[2026-09-27 20:02:46Z INFO Worker] Job completed.
