[2026-09-27 20:04:25Z INFO HostContext] No proxy settings were found based on environmental variables (http_proxy/https_proxy/HTTP_PROXY/HTTPS_PROXY)
[2026-09-27 20:04:25Z INFO HostContext] Well known directory 'Bin': 'E:\github\cicd-lab\actions-runner\bin'
[2026-09-27 20:04:25Z INFO HostContext] Well known directory 'Root': 'E:\github\cicd-lab\actions-runner'
[2026-09-27 20:04:25Z INFO HostContext] Well known config file 'Credentials': 'E:\github\cicd-lab\actions-runner\.credentials'
[2026-09-27 20:04:25Z INFO HostContext] Well known directory 'Bin': 'E:\github\cicd-lab\actions-runner\bin'
[2026-09-27 20:04:25Z INFO HostContext] Well known directory 'Root': 'E:\github\cicd-lab\actions-runner'
[2026-09-27 20:04:25Z INFO HostContext] Well known config file 'Runner': 'E:\github\cicd-lab\actions-runner\.runner'
[2026-09-27 20:04:25Z INFO Worker] Version: 2.337.0
[2026-09-27 20:04:25Z INFO Worker] Commit: 397b032cbf865e9c3ddfab89d533ec19325e1273
[2026-09-27 20:04:25Z INFO Worker] Culture: en-US
[2026-09-27 20:04:25Z INFO Worker] UI Culture: de-DE
[2026-09-27 20:04:25Z INFO Worker] Waiting to receive the job message from the channel.
[2026-09-27 20:04:25Z INFO ProcessChannel] Receiving message of length 22837, with hash '1eff09f1b4499f957b67722c7388b22d295fa5722f589374c3a5d8fd7e007511'
[2026-09-27 20:04:25Z INFO Worker] Message received.
[2026-09-27 20:04:25Z INFO Worker] Job message:
 {
  "fileTable": [
    ".github/workflows/ci.yml"
  ],
  "mask": [
    {
      "type": "regex",
      "value": "***"
    },
    {
      "type": "regex",
      "value": "***"
    },
    {
      "type": "regex",
      "value": "***"
    },
    {
      "type": "regex",
      "value": "***"
    },
    {
      "type": "regex",
      "value": "***"
    },
    {
      "type": "regex",
      "value": "***"
    },
    {
      "type": "regex",
      "value": "***"
    },
    {
      "type": "regex",
      "value": "***"
    },
    {
      "type": "regex",
      "value": "***"
    },
    {
      "type": "regex",
      "value": "***"
    },
    {
      "type": "regex",
      "value": "***"
    },
    {
      "type": "regex",
      "value": "***"
    },
    {
      "type": "regex",
      "value": "***"
    },
    {
      "type": "regex",
      "value": "***"
    },
    {
      "type": "regex",
      "value": "***"
    },
    {
      "type": "regex",
      "value": "***"
    },
    {
      "type": "regex",
      "value": "***"
    },
    {
      "type": "regex",
      "value": "***"
    },
    {
      "type": "regex",
      "value": "***"
    },
    {
      "type": "regex",
      "value": "***"
    },
    {
      "type": "regex",
      "value": "***"
    },
    {
      "type": "regex",
      "value": "***"
    },
    {
      "type": "regex",
      "value": "***"
    },
    {
      "type": "regex",
      "value": "***"
    }
  ],
  "steps": [
    {
      "type": "action",
      "reference": {
        "type": "repository",
        "name": "docker/login-action",
        "ref": "v3",
        "repositoryType": "GitHub"
      },
      "displayNameToken": {
        "type": 0,
        "file": 1,
        "line": 42,
        "col": 15,
        "lit": "Log in to GHCR"
      },
      "contextName": "__docker_login-action",
      "inputs": {
        "type": 2,
        "file": 1,
        "line": 45,
        "col": 11,
        "map": [
          {
            "key": {
              "type": 0,
              "file": 1,
              "line": 45,
              "col": 11,
              "lit": "registry"
            },
            "value": {
              "type": 0,
              "file": 1,
              "line": 45,
              "col": 21,
              "lit": "ghcr.io"
            }
          },
          {
            "key": {
              "type": 0,
              "file": 1,
              "line": 46,
              "col": 11,
              "lit": "username"
            },
            "value": {
              "type": 3,
              "file": 1,
              "line": 46,
              "col": 21,
              "expr": "github.actor"
            }
          },
          {
            "key": {
              "type": 0,
              "file": 1,
              "line": 47,
              "col": 11,
              "lit": "password"
            },
            "value": {
              "type": 3,
              "file": 1,
              "line": 47,
              "col": 21,
              "expr": "secrets.GITHUB_TOKEN"
            }
          }
        ]
      },
      "condition": "success()",
      "id": "f2592496-413a-4ec5-9723-51ce1eaec456",
      "name": "__docker_login-action"
    },
    {
      "type": "action",
      "reference": {
        "type": "script"
      },
      "displayNameToken": {
        "type": 0,
        "file": 1,
        "line": 49,
        "col": 15,
        "lit": "Pull Docker image"
      },
      "contextName": "__run",
      "inputs": {
        "type": 2,
        "map": [
          {
            "key": "script",
            "value": {
              "type": 3,
              "file": 1,
              "line": 50,
              "col": 14,
              "expr": "format('docker pull ghcr.io/{0}:latest', github.repository)"
            }
          }
        ]
      },
      "condition": "success()",
      "id": "5e0698b8-67d0-4b21-abd2-2e3d0e9bfa6a",
      "name": "__run"
    },
    {
      "type": "action",
      "reference": {
        "type": "script"
      },
      "displayNameToken": {
        "type": 0,
        "file": 1,
        "line": 52,
        "col": 15,
        "lit": "Deploy container"
      },
      "contextName": "__run_2",
      "inputs": {
        "type": 2,
        "map": [
          {
            "key": "script",
            "value": {
              "type": 3,
              "file": 1,
              "line": 53,
              "col": 14,
              "expr": "format('docker rm -f cicd-cd 2>$null\ndocker run -d --name cicd-cd -p 8086:80 ghcr.io/{0}:latest', github.repository)"
            }
          }
        ]
      },
      "condition": "success()",
      "id": "5210d953-7c37-4042-b21a-48b6adcd72f7",
      "name": "__run_2"
    }
  ],
  "variables": {
    "Actions.EnableHttpRedirects": {
      "value": "true"
    },
    "DistributedTask.AddWarningToNode12Action": {
      "value": "true"
    },
    "DistributedTask.AddWarningToNode16Action": {
      "value": "true"
    },
    "DistributedTask.AllowRunnerContainerHooks": {
      "value": "true"
    },
    "DistributedTask.DeprecateStepOutputCommands": {
      "value": "true"
    },
    "DistributedTask.DetailUntarFailure": {
      "value": "true"
    },
    "DistributedTask.EnableCompositeActions": {
      "value": "true"
    },
    "DistributedTask.EnableJobServerQueueTelemetry": {
      "value": "true"
    },
    "DistributedTask.EnhancedAnnotations": {
      "value": "true"
    },
    "DistributedTask.ForceGithubJavascriptActionsToNode16": {
      "value": "true"
    },
    "DistributedTask.ForceGithubJavascriptActionsToNode20": {
      "value": "true"
    },
    "DistributedTask.LogTemplateErrorsAsDebugMessages": {
      "value": "true"
    },
    "DistributedTask.MarkJobAsFailedOnWorkerCrash": {
      "value": "true"
    },
    "DistributedTask.NewActionMetadata": {
      "value": "true"
    },
    "DistributedTask.UploadStepSummary": {
      "value": "true"
    },
    "DistributedTask.UseActionArchiveCache": {
      "value": "true"
    },
    "DistributedTask.UseWhich2": {
      "value": "true"
    },
    "RunService.FixEmbeddedIssues": {
      "value": "true"
    },
    "actions.runner.requirenode24": {
      "value": "true"
    },
    "actions.runner.usenode24bydefault": {
      "value": "true"
    },
    "actions.runner.warnonnode20": {
      "value": "true"
    },
    "actions_add_check_run_id_to_job_context": {
      "value": "true"
    },
    "actions_batch_action_resolution": {
      "value": "false"
    },
    "actions_cache_mode": {
      "value": "write"
    },
    "actions_container_action_runner_temp": {
      "value": "true"
    },
    "actions_display_helpful_actions_download_errors": {
      "value": "true"
    },
    "actions_runner_allow_artifacts_file": {
      "value": "false"
    },
    "actions_runner_compare_workflow_parser": {
      "value": "false"
    },
    "actions_runner_deprecate_linux_arm32": {
      "value": "true"
    },
    "actions_runner_emit_composite_markers": {
      "value": "true"
    },
    "actions_runner_kill_linux_arm32": {
      "value": "false"
    },
    "actions_runner_node20_removal_date": {
      "value": "September 23rd, 2026"
    },
    "actions_runner_node24_default_date": {
      "value": "June 16th, 2026"
    },
    "actions_self_repository": {
      "value": "true"
    },
    "actions_service_container_command": {
      "value": "true"
    },
    "actions_set_orchestration_id_env_for_actions": {
      "value": "true"
    },
    "actions_skip_retry_complete_job_upon_known_errors": {
      "value": "true"
    },
    "actions_snapshot_preflight_hosted_runner_check": {
      "value": "false"
    },
    "actions_snapshot_preflight_image_gen_pool_check": {
      "value": "false"
    },
    "actions_use_bearer_token_for_codeload": {
      "value": "false"
    },
    "actions_uses_cache_service_v2": {
      "value": "true"
    },
    "github_token": {
      "value": "***",
      "isSecret": true
    },
    "system.from_run_service": {
      "value": "true"
    },
    "system.github.job": {
      "value": "deploy"
    },
    "system.github.launch_endpoint": {
      "value": "https://launch.actions.githubusercontent.com"
    },
    "system.github.results_endpoint": {
      "value": "https://results-receiver.actions.githubusercontent.com/"
    },
    "system.github.results_upload_with_sdk": {
      "value": "true"
    },
    "system.github.token": {
      "value": "***",
      "isSecret": true
    },
    "system.github.token.permissions": {
      "value": "{\"Contents\":\"read\",\"Metadata\":\"read\",\"Packages\":\"write\"}"
    },
    "system.orchestrationId": {
      "value": "6360c033-ad8c-4e82-9136-823b276ba979.deploy.__default"
    },
    "system.phaseDisplayName": {
      "value": "deploy"
    },
    "system.runner.lowdiskspacethreshold": {
      "value": "100"
    },
    "system.runnerEnvironment": {
      "value": "self-hosted"
    },
    "system.runnerGroupName": {
      "value": "Default"
    }
  },
  "messageType": "RunnerJobRequest",
  "plan": {
    "scopeIdentifier": "00000000-0000-0000-0000-000000000000",
    "planType": "actions",
    "version": 0,
    "planId": "6360c033-ad8c-4e82-9136-823b276ba979",
    "planGroup": null,
    "artifactUri": null,
    "artifactLocation": null,
    "definition": null,
    "owner": null
  },
  "timeline": {
    "id": "6360c033-ad8c-4e82-9136-823b276ba979",
    "changeId": 0,
    "location": null
  },
  "jobId": "eea0cb62-69a1-5d4a-b3cb-27f139c423ee",
  "jobDisplayName": "deploy",
  "jobName": "__default",
  "requestId": 0,
  "lockedUntil": "0001-01-01T00:00:00",
  "resources": {
    "endpoints": [
      {
        "data": {
          "ServerId": "",
          "ServerName": "",
          "CacheServerUrl": "https://artifactcache.actions.githubusercontent.com/u8lXog3qPUQp3aV3R8CM0BXfn9FLUc2xcSMa1XnxQ5K0SvBKBr/",
          "FeedStreamUrl": "wss://results-receiver.actions.githubusercontent.com/_ws/ingest.sock",
          "ResultsServiceUrl": "https://results-receiver.actions.githubusercontent.com/",
          "PipelinesServiceUrl": "https://pipelinesghubeus26.actions.githubusercontent.com/u8lXog3qPUQp3aV3R8CM0BXfn9FLUc2xcSMa1XnxQ5K0SvBKBr/",
          "GenerateIdTokenUrl": "",
          "ConnectivityChecks": "[\"https://broker.actions.githubusercontent.com/health\",\"https://token.actions.githubusercontent.com/ready\",\"https://run.actions.githubusercontent.com/health\"]",
          "ConnectivityAndDNSChecks": "[\"https://github.com/_dns\",\"https://api.github.com/_dns\",\"https://codeload.github.com/_dns\",\"https://pkg.github.com/_dns\",\"https://copilot-proxy.githubusercontent.com/_dns\"]"
        },
        "name": "SystemVssConnection",
        "url": "https://run-actions-1-azure-eastus.actions.githubusercontent.com/14/",
        "authorization": {
          "parameters": {
            "AccessToken": "***"
          },
          "scheme": "OAuth"
        },
        "isShared": false,
        "isReady": true
      }
    ]
  },
  "contextData": {
    "github": {
      "t": 2,
      "d": [
        {
          "k": "ref",
          "v": "refs/heads/main"
        },
        {
          "k": "sha",
          "v": "7d0e688b771f502c62cab3582f14198c573d1f1b"
        },
        {
          "k": "repository",
          "v": "darwin642/cicd-lab"
        },
        {
          "k": "repository_owner",
          "v": "darwin642"
        },
        {
          "k": "repository_owner_id",
          "v": "310223005"
        },
        {
          "k": "repositoryUrl",
          "v": "git://github.com/darwin642/cicd-lab.git"
        },
        {
          "k": "run_id",
          "v": "36346635097"
        },
        {
          "k": "run_number",
          "v": "6"
        },
        {
          "k": "retention_days",
          "v": "90"
        },
        {
          "k": "run_attempt",
          "v": "1"
        },
        {
          "k": "artifact_cache_size_limit",
          "v": "10"
        },
        {
          "k": "repository_visibility",
          "v": "public"
        },
        {
          "k": "actor_id",
          "v": "310223005"
        },
        {
          "k": "actor",
          "v": "darwin642"
        },
        {
          "k": "workflow",
          "v": "CI"
        },
        {
          "k": "head_ref",
          "v": ""
        },
        {
          "k": "base_ref",
          "v": ""
        },
        {
          "k": "event_name",
          "v": "push"
        },
        {
          "k": "server_url",
          "v": "https://github.com"
        },
        {
          "k": "api_url",
          "v": "https://api.github.com"
        },
        {
          "k": "graphql_url",
          "v": "https://api.github.com/graphql"
        },
        {
          "k": "ref_name",
          "v": "main"
        },
        {
          "k": "ref_protected",
          "v": false
        },
        {
          "k": "ref_type",
          "v": "branch"
        },
        {
          "k": "secret_source",
          "v": "Actions"
        },
        {
          "k": "event",
          "v": {
            "t": 2,
            "d": [
              {
                "k": "after",
                "v": "7d0e688b771f502c62cab3582f14198c573d1f1b"
              },
              {
                "k": "base_ref",
                "v": null
              },
              {
                "k": "before",
                "v": "2ac63339a2ed8776fe3570610a59ea9bc0ae927c"
              },
              {
                "k": "commits",
                "v": {
                  "t": 1,
                  "a": [
                    {
                      "t": 2,
                      "d": [
                        {
                          "k": "author",
                          "v": {
                            "t": 2,
                            "d": [
                              {
                                "k": "email",
                                "v": "kaan2002tf2@gmail.com"
                              },
                              {
                                "k": "name",
                                "v": "Kaan Yaşar"
                              },
                              {
                                "k": "username",
                                "v": "darwin642"
                              }
                            ]
                          }
                        },
                        {
                          "k": "committer",
                          "v": {
                            "t": 2,
                            "d": [
                              {
                                "k": "email",
                                "v": "kaan2002tf2@gmail.com"
                              },
                              {
                                "k": "name",
                                "v": "Kaan Yaşar"
                              },
                              {
                                "k": "username",
                                "v": "darwin642"
                              }
                            ]
                          }
                        },
                        {
                          "k": "distinct",
                          "v": true
                        },
                        {
                          "k": "id",
                          "v": "7d0e688b771f502c62cab3582f14198c573d1f1b"
                        },
                        {
                          "k": "message",
                          "v": "Fix Windows runner shell"
                        },
                        {
                          "k": "timestamp",
                          "v": "2026-09-27T23:03:54+03:00"
                        },
                        {
                          "k": "tree_id",
                          "v": "5278dc8f69e0a5930d1029192620a3259194928f"
                        },
                        {
                          "k": "url",
                          "v": "https://github.com/darwin642/cicd-lab/commit/7d0e688b771f502c62cab3582f14198c573d1f1b"
                        }
                      ]
                    }
                  ]
                }
              },
              {
                "k": "compare",
                "v": "https://github.com/darwin642/cicd-lab/compare/2ac63339a2ed...7d0e688b771f"
              },
              {
                "k": "created",
                "v": false
              },
              {
                "k": "deleted",
                "v": false
              },
              {
                "k": "forced",
                "v": false
              },
              {
                "k": "head_commit",
                "v": {
                  "t": 2,
                  "d": [
                    {
                      "k": "author",
                      "v": {
                        "t": 2,
                        "d": [
                          {
                            "k": "email",
                            "v": "kaan2002tf2@gmail.com"
                          },
                          {
                            "k": "name",
                            "v": "Kaan Yaşar"
                          },
                          {
                            "k": "username",
                            "v": "darwin642"
                          }
                        ]
                      }
                    },
                    {
                      "k": "committer",
                      "v": {
                        "t": 2,
                        "d": [
                          {
                            "k": "email",
                            "v": "kaan2002tf2@gmail.com"
                          },
                          {
                            "k": "name",
                            "v": "Kaan Yaşar"
                          },
                          {
                            "k": "username",
                            "v": "darwin642"
                          }
                        ]
                      }
                    },
                    {
                      "k": "distinct",
                      "v": true
                    },
                    {
                      "k": "id",
                      "v": "7d0e688b771f502c62cab3582f14198c573d1f1b"
                    },
                    {
                      "k": "message",
                      "v": "Fix Windows runner shell"
                    },
                    {
                      "k": "timestamp",
                      "v": "2026-09-27T23:03:54+03:00"
                    },
                    {
                      "k": "tree_id",
                      "v": "5278dc8f69e0a5930d1029192620a3259194928f"
                    },
                    {
                      "k": "url",
                      "v": "https://github.com/darwin642/cicd-lab/commit/7d0e688b771f502c62cab3582f14198c573d1f1b"
                    }
                  ]
                }
              },
              {
                "k": "pusher",
                "v": {
                  "t": 2,
                  "d": [
                    {
                      "k": "email",
                      "v": "kaan2002tf2@gmail.com"
                    },
                    {
                      "k": "name",
                      "v": "darwin642"
                    }
                  ]
                }
              },
              {
                "k": "ref",
                "v": "refs/heads/main"
              },
              {
                "k": "repository",
                "v": {
                  "t": 2,
                  "d": [
                    {
                      "k": "allow_forking",
                      "v": true
                    },
                    {
                      "k": "archive_url",
                      "v": "https://api.github.com/repos/darwin642/cicd-lab/{archive_format}{/ref}"
                    },
                    {
                      "k": "archived",
                      "v": false
                    },
                    {
                      "k": "assignees_url",
                      "v": "https://api.github.com/repos/darwin642/cicd-lab/assignees{/user}"
                    },
                    {
                      "k": "blobs_url",
                      "v": "https://api.github.com/repos/darwin642/cicd-lab/git/blobs{/sha}"
                    },
                    {
                      "k": "branches_url",
                      "v": "https://api.github.com/repos/darwin642/cicd-lab/branches{/branch}"
                    },
                    {
                      "k": "clone_url",
                      "v": "https://github.com/darwin642/cicd-lab.git"
                    },
                    {
                      "k": "collaborators_url",
                      "v": "https://api.github.com/repos/darwin642/cicd-lab/collaborators{/collaborator}"
                    },
                    {
                      "k": "comments_url",
                      "v": "https://api.github.com/repos/darwin642/cicd-lab/comments{/number}"
                    },
                    {
                      "k": "commits_url",
                      "v": "https://api.github.com/repos/darwin642/cicd-lab/commits{/sha}"
                    },
                    {
                      "k": "compare_url",
                      "v": "https://api.github.com/repos/darwin642/cicd-lab/compare/{base}...{head}"
                    },
                    {
                      "k": "contents_url",
                      "v": "https://api.github.com/repos/darwin642/cicd-lab/contents/{+path}"
                    },
                    {
                      "k": "contributors_url",
                      "v": "https://api.github.com/repos/darwin642/cicd-lab/contributors"
                    },
                    {
                      "k": "created_at",
                      "v": 1790529316.0
                    },
                    {
                      "k": "default_branch",
                      "v": "main"
                    },
                    {
                      "k": "deployments_url",
                      "v": "https://api.github.com/repos/darwin642/cicd-lab/deployments"
                    },
                    {
                      "k": "description",
                      "v": "cicd learn"
                    },
                    {
                      "k": "disabled",
                      "v": false
                    },
                    {
                      "k": "downloads_url",
                      "v": "https://api.github.com/repos/darwin642/cicd-lab/downloads"
                    },
                    {
                      "k": "events_url",
                      "v": "https://api.github.com/repos/darwin642/cicd-lab/events"
                    },
                    {
                      "k": "fork",
                      "v": false
                    },
                    {
                      "k": "forks",
                      "v": 0.0
                    },
                    {
                      "k": "forks_count",
                      "v": 0.0
                    },
                    {
                      "k": "forks_url",
                      "v": "https://api.github.com/repos/darwin642/cicd-lab/forks"
                    },
                    {
                      "k": "full_name",
                      "v": "darwin642/cicd-lab"
                    },
                    {
                      "k": "git_commits_url",
                      "v": "https://api.github.com/repos/darwin642/cicd-lab/git/commits{/sha}"
                    },
                    {
                      "k": "git_refs_url",
                      "v": "https://api.github.com/repos/darwin642/cicd-lab/git/refs{/sha}"
                    },
                    {
                      "k": "git_tags_url",
                      "v": "https://api.github.com/repos/darwin642/cicd-lab/git/tags{/sha}"
                    },
                    {
                      "k": "git_url",
                      "v": "git://github.com/darwin642/cicd-lab.git"
                    },
                    {
                      "k": "has_discussions",
                      "v": false
                    },
                    {
                      "k": "has_downloads",
                      "v": true
                    },
                    {
                      "k": "has_issues",
                      "v": true
                    },
                    {
                      "k": "has_pages",
                      "v": false
                    },
                    {
                      "k": "has_projects",
                      "v": true
                    },
                    {
                      "k": "has_pull_requests",
                      "v": true
                    },
                    {
                      "k": "has_wiki",
                      "v": true
                    },
                    {
                      "k": "homepage",
                      "v": null
                    },
                    {
                      "k": "hooks_url",
                      "v": "https://api.github.com/repos/darwin642/cicd-lab/hooks"
                    },
                    {
                      "k": "html_url",
                      "v": "https://github.com/darwin642/cicd-lab"
                    },
                    {
                      "k": "id",
                      "v": 1391192762.0
                    },
                    {
                      "k": "is_template",
                      "v": false
                    },
                    {
                      "k": "issue_comment_url",
                      "v": "https://api.github.com/repos/darwin642/cicd-lab/issues/comments{/number}"
                    },
                    {
                      "k": "issue_events_url",
                      "v": "https://api.github.com/repos/darwin642/cicd-lab/issues/events{/number}"
                    },
                    {
                      "k": "issues_url",
                      "v": "https://api.github.com/repos/darwin642/cicd-lab/issues{/number}"
                    },
                    {
                      "k": "keys_url",
                      "v": "https://api.github.com/repos/darwin642/cicd-lab/keys{/key_id}"
                    },
                    {
                      "k": "labels_url",
                      "v": "https://api.github.com/repos/darwin642/cicd-lab/labels{/name}"
                    },
                    {
                      "k": "language",
                      "v": "JavaScript"
                    },
                    {
                      "k": "languages_url",
                      "v": "https://api.github.com/repos/darwin642/cicd-lab/languages"
                    },
                    {
                      "k": "license",
                      "v": null
                    },
                    {
                      "k": "master_branch",
                      "v": "main"
                    },
                    {
                      "k": "merges_url",
                      "v": "https://api.github.com/repos/darwin642/cicd-lab/merges"
                    },
                    {
                      "k": "milestones_url",
                      "v": "https://api.github.com/repos/darwin642/cicd-lab/milestones{/number}"
                    },
                    {
                      "k": "mirror_url",
                      "v": null
                    },
                    {
                      "k": "name",
                      "v": "cicd-lab"
                    },
                    {
                      "k": "node_id",
                      "v": "R_kgDOUuvqug"
                    },
                    {
                      "k": "notifications_url",
                      "v": "https://api.github.com/repos/darwin642/cicd-lab/notifications{?since,all,participating}"
                    },
                    {
                      "k": "open_issues",
                      "v": 0.0
                    },
                    {
                      "k": "open_issues_count",
                      "v": 0.0
                    },
                    {
                      "k": "owner",
                      "v": {
                        "t": 2,
                        "d": [
                          {
                            "k": "avatar_url",
                            "v": "https://avatars.githubusercontent.com/u/310223005?v=4"
                          },
                          {
                            "k": "email",
                            "v": "kaan2002tf2@gmail.com"
                          },
                          {
                            "k": "events_url",
                            "v": "https://api.github.com/users/darwin642/events{/privacy}"
                          },
                          {
                            "k": "followers_url",
                            "v": "https://api.github.com/users/darwin642/followers"
                          },
                          {
                            "k": "following_url",
                            "v": "https://api.github.com/users/darwin642/following{/other_user}"
                          },
                          {
                            "k": "gists_url",
                            "v": "https://api.github.com/users/darwin642/gists{/gist_id}"
                          },
                          {
                            "k": "gravatar_id",
                            "v": ""
                          },
                          {
                            "k": "html_url",
                            "v": "https://github.com/darwin642"
                          },
                          {
                            "k": "id",
                            "v": 310223005.0
                          },
                          {
                            "k": "login",
                            "v": "darwin642"
                          },
                          {
                            "k": "name",
                            "v": "darwin642"
                          },
                          {
                            "k": "node_id",
                            "v": "U_kgDOEn2gnQ"
                          },
                          {
                            "k": "organizations_url",
                            "v": "https://api.github.com/users/darwin642/orgs"
                          },
                          {
                            "k": "received_events_url",
                            "v": "https://api.github.com/users/darwin642/received_events"
                          },
                          {
                            "k": "repos_url",
                            "v": "https://api.github.com/users/darwin642/repos"
                          },
                          {
                            "k": "site_admin",
                            "v": false
                          },
                          {
                            "k": "starred_url",
                            "v": "https://api.github.com/users/darwin642/starred{/owner}{/repo}"
                          },
                          {
                            "k": "subscriptions_url",
                            "v": "https://api.github.com/users/darwin642/subscriptions"
                          },
                          {
                            "k": "type",
                            "v": "User"
                          },
                          {
                            "k": "url",
                            "v": "https://api.github.com/users/darwin642"
                          },
                          {
                            "k": "user_view_type",
                            "v": "public"
                          }
                        ]
                      }
                    },
                    {
                      "k": "private",
                      "v": false
                    },
                    {
                      "k": "pull_request_creation_policy",
                      "v": "all"
                    },
                    {
                      "k": "pulls_url",
                      "v": "https://api.github.com/repos/darwin642/cicd-lab/pulls{/number}"
                    },
                    {
                      "k": "pushed_at",
                      "v": 1790539436.0
                    },
                    {
                      "k": "releases_url",
                      "v": "https://api.github.com/repos/darwin642/cicd-lab/releases{/id}"
                    },
                    {
                      "k": "size",
                      "v": 1.0
                    },
                    {
                      "k": "ssh_url",
                      "v": "git@github.com:darwin642/cicd-lab.git"
                    },
                    {
                      "k": "stargazers",
                      "v": 0.0
                    },
                    {
                      "k": "stargazers_count",
                      "v": 0.0
                    },
                    {
                      "k": "stargazers_url",
                      "v": "https://api.github.com/repos/darwin642/cicd-lab/stargazers"
                    },
                    {
                      "k": "statuses_url",
                      "v": "https://api.github.com/repos/darwin642/cicd-lab/statuses/{sha}"
                    },
                    {
                      "k": "subscribers_url",
                      "v": "https://api.github.com/repos/darwin642/cicd-lab/subscribers"
                    },
                    {
                      "k": "subscription_url",
                      "v": "https://api.github.com/repos/darwin642/cicd-lab/subscription"
                    },
                    {
                      "k": "svn_url",
                      "v": "https://github.com/darwin642/cicd-lab"
                    },
                    {
                      "k": "tags_url",
                      "v": "https://api.github.com/repos/darwin642/cicd-lab/tags"
                    },
                    {
                      "k": "teams_url",
                      "v": "https://api.github.com/repos/darwin642/cicd-lab/teams"
                    },
                    {
                      "k": "topics",
                      "v": {
                        "t": 1
                      }
                    },
                    {
                      "k": "trees_url",
                      "v": "https://api.github.com/repos/darwin642/cicd-lab/git/trees{/sha}"
                    },
                    {
                      "k": "updated_at",
                      "v": "2026-09-27T20:02:06Z"
                    },
                    {
                      "k": "url",
                      "v": "https://api.github.com/repos/darwin642/cicd-lab"
                    },
                    {
                      "k": "visibility",
                      "v": "public"
                    },
                    {
                      "k": "watchers",
                      "v": 0.0
                    },
                    {
                      "k": "watchers_count",
                      "v": 0.0
                    },
                    {
                      "k": "web_commit_signoff_required",
                      "v": false
                    }
                  ]
                }
              },
              {
                "k": "sender",
                "v": {
                  "t": 2,
                  "d": [
                    {
                      "k": "avatar_url",
                      "v": "https://avatars.githubusercontent.com/u/310223005?v=4"
                    },
                    {
                      "k": "events_url",
                      "v": "https://api.github.com/users/darwin642/events{/privacy}"
                    },
                    {
                      "k": "followers_url",
                      "v": "https://api.github.com/users/darwin642/followers"
                    },
                    {
                      "k": "following_url",
                      "v": "https://api.github.com/users/darwin642/following{/other_user}"
                    },
                    {
                      "k": "gists_url",
                      "v": "https://api.github.com/users/darwin642/gists{/gist_id}"
                    },
                    {
                      "k": "gravatar_id",
                      "v": ""
                    },
                    {
                      "k": "html_url",
                      "v": "https://github.com/darwin642"
                    },
                    {
                      "k": "id",
                      "v": 310223005.0
                    },
                    {
                      "k": "login",
                      "v": "darwin642"
                    },
                    {
                      "k": "node_id",
                      "v": "U_kgDOEn2gnQ"
                    },
                    {
                      "k": "organizations_url",
                      "v": "https://api.github.com/users/darwin642/orgs"
                    },
                    {
                      "k": "received_events_url",
                      "v": "https://api.github.com/users/darwin642/received_events"
                    },
                    {
                      "k": "repos_url",
                      "v": "https://api.github.com/users/darwin642/repos"
                    },
                    {
                      "k": "site_admin",
                      "v": false
                    },
                    {
                      "k": "starred_url",
                      "v": "https://api.github.com/users/darwin642/starred{/owner}{/repo}"
                    },
                    {
                      "k": "subscriptions_url",
                      "v": "https://api.github.com/users/darwin642/subscriptions"
                    },
                    {
                      "k": "type",
                      "v": "User"
                    },
                    {
                      "k": "url",
                      "v": "https://api.github.com/users/darwin642"
                    },
                    {
                      "k": "user_view_type",
                      "v": "public"
                    }
                  ]
                }
              }
            ]
          }
        },
        {
          "k": "workflow_ref",
          "v": "darwin642/cicd-lab/.github/workflows/ci.yml@refs/heads/main"
        },
        {
          "k": "workflow_sha",
          "v": "7d0e688b771f502c62cab3582f14198c573d1f1b"
        },
        {
          "k": "repository_id",
          "v": "1391192762"
        },
        {
          "k": "triggering_actor",
          "v": "darwin642"
        }
      ]
    },
    "inputs": {
      "t": 2
    },
    "job": {
      "t": 2,
      "d": [
        {
          "k": "check_run_id",
          "v": 108697030126.0
        },
        {
          "k": "workflow_ref",
          "v": "darwin642/cicd-lab/.github/workflows/ci.yml@refs/heads/main"
        },
        {
          "k": "workflow_sha",
          "v": "7d0e688b771f502c62cab3582f14198c573d1f1b"
        },
        {
          "k": "workflow_repository",
          "v": "darwin642/cicd-lab"
        },
        {
          "k": "workflow_file_path",
          "v": ".github/workflows/ci.yml"
        }
      ]
    },
    "matrix": null,
    "needs": {
      "t": 2,
      "d": [
        {
          "k": "build",
          "v": {
            "t": 2,
            "d": [
              {
                "k": "result",
                "v": "success"
              },
              {
                "k": "outputs",
                "v": {
                  "t": 2
                }
              }
            ]
          }
        }
      ]
    },
    "strategy": {
      "t": 2,
      "d": [
        {
          "k": "fail-fast",
          "v": true
        },
        {
          "k": "job-index",
          "v": 0.0
        },
        {
          "k": "job-total",
          "v": 1.0
        },
        {
          "k": "max-parallel",
          "v": 1.0
        }
      ]
    },
    "vars": {
      "t": 2
    }
  },
  "billingOwnerId": "U_kgDOEn2gnQ"
}
[2026-09-27 20:04:25Z INFO JobRunner] Job ID eea0cb62-69a1-5d4a-b3cb-27f139c423ee
[2026-09-27 20:04:25Z INFO ConfigurationStore] currentAssemblyLocation: E:\github\cicd-lab\actions-runner\bin\Runner.Worker.dll
[2026-09-27 20:04:25Z INFO HostContext] Well known directory 'Bin': 'E:\github\cicd-lab\actions-runner\bin'
[2026-09-27 20:04:25Z INFO ConfigurationStore] binPath: E:\github\cicd-lab\actions-runner\bin
[2026-09-27 20:04:25Z INFO HostContext] Well known directory 'Bin': 'E:\github\cicd-lab\actions-runner\bin'
[2026-09-27 20:04:25Z INFO HostContext] Well known directory 'Root': 'E:\github\cicd-lab\actions-runner'
[2026-09-27 20:04:25Z INFO ConfigurationStore] RootFolder: E:\github\cicd-lab\actions-runner
[2026-09-27 20:04:25Z INFO HostContext] Well known directory 'Bin': 'E:\github\cicd-lab\actions-runner\bin'
[2026-09-27 20:04:25Z INFO HostContext] Well known directory 'Root': 'E:\github\cicd-lab\actions-runner'
[2026-09-27 20:04:25Z INFO HostContext] Well known config file 'Runner': 'E:\github\cicd-lab\actions-runner\.runner'
[2026-09-27 20:04:25Z INFO ConfigurationStore] ConfigFilePath: E:\github\cicd-lab\actions-runner\.runner
[2026-09-27 20:04:25Z INFO HostContext] Well known directory 'Bin': 'E:\github\cicd-lab\actions-runner\bin'
[2026-09-27 20:04:25Z INFO HostContext] Well known directory 'Root': 'E:\github\cicd-lab\actions-runner'
[2026-09-27 20:04:25Z INFO HostContext] Well known config file 'MigratedRunner': 'E:\github\cicd-lab\actions-runner\.runner_migrated'
[2026-09-27 20:04:25Z INFO ConfigurationStore] MigratedConfigFilePath: E:\github\cicd-lab\actions-runner\.runner_migrated
[2026-09-27 20:04:25Z INFO HostContext] Well known directory 'Bin': 'E:\github\cicd-lab\actions-runner\bin'
[2026-09-27 20:04:25Z INFO HostContext] Well known directory 'Root': 'E:\github\cicd-lab\actions-runner'
[2026-09-27 20:04:25Z INFO HostContext] Well known config file 'Credentials': 'E:\github\cicd-lab\actions-runner\.credentials'
[2026-09-27 20:04:25Z INFO ConfigurationStore] CredFilePath: E:\github\cicd-lab\actions-runner\.credentials
[2026-09-27 20:04:25Z INFO HostContext] Well known directory 'Bin': 'E:\github\cicd-lab\actions-runner\bin'
[2026-09-27 20:04:25Z INFO HostContext] Well known directory 'Root': 'E:\github\cicd-lab\actions-runner'
[2026-09-27 20:04:25Z INFO HostContext] Well known config file 'MigratedCredentials': 'E:\github\cicd-lab\actions-runner\.credentials_migrated'
[2026-09-27 20:04:25Z INFO ConfigurationStore] MigratedCredFilePath: E:\github\cicd-lab\actions-runner\.credentials_migrated
[2026-09-27 20:04:25Z INFO HostContext] Well known directory 'Bin': 'E:\github\cicd-lab\actions-runner\bin'
[2026-09-27 20:04:25Z INFO HostContext] Well known directory 'Root': 'E:\github\cicd-lab\actions-runner'
[2026-09-27 20:04:25Z INFO HostContext] Well known config file 'Service': 'E:\github\cicd-lab\actions-runner\.service'
[2026-09-27 20:04:25Z INFO ConfigurationStore] ServiceConfigFilePath: E:\github\cicd-lab\actions-runner\.service
[2026-09-27 20:04:25Z INFO ConfigurationStore] Read setting file: 397 chars
[2026-09-27 20:04:25Z INFO JobRunner] Initializing launch client
[2026-09-27 20:04:25Z INFO JobServerQueue] Initializing results client
[2026-09-27 20:04:25Z INFO ResultServer] Creating websocket client ...wss://results-receiver.actions.githubusercontent.com/_ws/ingest.sock
[2026-09-27 20:04:25Z INFO ResultServer] Attempting to start websocket client with delay 00:00:00.
[2026-09-27 20:04:25Z INFO JobServerQueue] Start process web console line queue.
[2026-09-27 20:04:25Z INFO JobServerQueue] Start process file upload queue.
[2026-09-27 20:04:25Z INFO JobServerQueue] Start results file upload queue.
[2026-09-27 20:04:25Z INFO JobServerQueue] Starting results-based upload queue...
[2026-09-27 20:04:25Z INFO JobServerQueue] Start process timeline update queue.
[2026-09-27 20:04:25Z INFO ExecutionContext] Initializing Job context
[2026-09-27 20:04:25Z INFO ExecutionContext] Initialize GitHub context
[2026-09-27 20:04:25Z INFO ExecutionContext] Initialize Env context
[2026-09-27 20:04:25Z INFO HostContext] Well known directory 'Bin': 'E:\github\cicd-lab\actions-runner\bin'
[2026-09-27 20:04:25Z INFO HostContext] Well known directory 'Root': 'E:\github\cicd-lab\actions-runner'
[2026-09-27 20:04:25Z INFO HostContext] Well known directory 'Diag': 'E:\github\cicd-lab\actions-runner\_diag'
[2026-09-27 20:04:25Z INFO HostContext] Well known directory 'Bin': 'E:\github\cicd-lab\actions-runner\bin'
[2026-09-27 20:04:25Z INFO HostContext] Well known directory 'Root': 'E:\github\cicd-lab\actions-runner'
[2026-09-27 20:04:25Z INFO HostContext] Well known directory 'Diag': 'E:\github\cicd-lab\actions-runner\_diag'
[2026-09-27 20:04:25Z INFO JobRunner] Starting the job execution context.
[2026-09-27 20:04:25Z INFO HostContext] Well known directory 'Bin': 'E:\github\cicd-lab\actions-runner\bin'
[2026-09-27 20:04:25Z INFO HostContext] Well known directory 'Root': 'E:\github\cicd-lab\actions-runner'
[2026-09-27 20:04:25Z INFO HostContext] Well known directory 'Work': 'E:\github\cicd-lab\actions-runner\_work'
[2026-09-27 20:04:25Z INFO JobRunner] Validating directory permissions for: 'E:\github\cicd-lab\actions-runner\_work'
[2026-09-27 20:04:25Z INFO HostContext] Well known directory 'Bin': 'E:\github\cicd-lab\actions-runner\bin'
[2026-09-27 20:04:25Z INFO HostContext] Well known directory 'Root': 'E:\github\cicd-lab\actions-runner'
[2026-09-27 20:04:25Z INFO HostContext] Well known directory 'Work': 'E:\github\cicd-lab\actions-runner\_work'
[2026-09-27 20:04:25Z INFO HostContext] Well known directory 'Tools': 'E:\github\cicd-lab\actions-runner\_work\_tool'
[2026-09-27 20:04:25Z INFO HostContext] Well known directory 'Bin': 'E:\github\cicd-lab\actions-runner\bin'
[2026-09-27 20:04:25Z INFO HostContext] Well known directory 'Root': 'E:\github\cicd-lab\actions-runner'
[2026-09-27 20:04:25Z INFO HostContext] Well known directory 'Work': 'E:\github\cicd-lab\actions-runner\_work'
[2026-09-27 20:04:25Z INFO HostContext] Well known directory 'Temp': 'E:\github\cicd-lab\actions-runner\_work\_temp'
[2026-09-27 20:04:25Z INFO JobRunner] Getting job extension.
[2026-09-27 20:04:25Z INFO JobRunner] Initialize job. Getting all job steps.
[2026-09-27 20:04:25Z INFO HostContext] Well known directory 'Bin': 'E:\github\cicd-lab\actions-runner\bin'
[2026-09-27 20:04:25Z INFO HostContext] Well known directory 'Root': 'E:\github\cicd-lab\actions-runner'
[2026-09-27 20:04:25Z INFO HostContext] Well known directory 'Diag': 'E:\github\cicd-lab\actions-runner\_diag'
[2026-09-27 20:04:25Z INFO HostContext] Well known directory 'Bin': 'E:\github\cicd-lab\actions-runner\bin'
[2026-09-27 20:04:25Z INFO HostContext] Well known directory 'Root': 'E:\github\cicd-lab\actions-runner'
[2026-09-27 20:04:25Z INFO HostContext] Well known directory 'Diag': 'E:\github\cicd-lab\actions-runner\_diag'
[2026-09-27 20:04:25Z INFO HostContext] Well known directory 'Bin': 'E:\github\cicd-lab\actions-runner\bin'
[2026-09-27 20:04:25Z INFO HostContext] Well known directory 'Root': 'E:\github\cicd-lab\actions-runner'
[2026-09-27 20:04:25Z INFO HostContext] Well known config file 'Credentials': 'E:\github\cicd-lab\actions-runner\.credentials'
[2026-09-27 20:04:25Z INFO HostContext] Well known directory 'Bin': 'E:\github\cicd-lab\actions-runner\bin'
[2026-09-27 20:04:25Z INFO HostContext] Well known directory 'Root': 'E:\github\cicd-lab\actions-runner'
[2026-09-27 20:04:25Z INFO HostContext] Well known config file 'SetupInfo': 'E:\github\cicd-lab\actions-runner\.setup_info'
[2026-09-27 20:04:25Z INFO HostContext] Well known directory 'Bin': 'E:\github\cicd-lab\actions-runner\bin'
[2026-09-27 20:04:25Z INFO HostContext] Well known directory 'Root': 'E:\github\cicd-lab\actions-runner'
[2026-09-27 20:04:25Z INFO HostContext] Well known directory 'Work': 'E:\github\cicd-lab\actions-runner\_work'
[2026-09-27 20:04:25Z INFO PipelineDirectoryManager] Loading tracking config if exists: E:\github\cicd-lab\actions-runner\_work\_PipelineMapping\darwin642/cicd-lab\PipelineFolder.json
[2026-09-27 20:04:25Z INFO PipelineDirectoryManager] Updating job run properties.
[2026-09-27 20:04:25Z INFO HostContext] Well known directory 'Bin': 'E:\github\cicd-lab\actions-runner\bin'
[2026-09-27 20:04:25Z INFO HostContext] Well known directory 'Root': 'E:\github\cicd-lab\actions-runner'
[2026-09-27 20:04:25Z INFO HostContext] Well known directory 'Work': 'E:\github\cicd-lab\actions-runner\_work'
[2026-09-27 20:04:25Z INFO HostContext] Well known directory 'Bin': 'E:\github\cicd-lab\actions-runner\bin'
[2026-09-27 20:04:25Z INFO HostContext] Well known directory 'Root': 'E:\github\cicd-lab\actions-runner'
[2026-09-27 20:04:25Z INFO HostContext] Well known directory 'Work': 'E:\github\cicd-lab\actions-runner\_work'
[2026-09-27 20:04:25Z INFO HostContext] Well known directory 'Bin': 'E:\github\cicd-lab\actions-runner\bin'
[2026-09-27 20:04:25Z INFO HostContext] Well known directory 'Root': 'E:\github\cicd-lab\actions-runner'
[2026-09-27 20:04:25Z INFO HostContext] Well known directory 'Work': 'E:\github\cicd-lab\actions-runner\_work'
[2026-09-27 20:04:25Z INFO JobExtension] Downloading actions
[2026-09-27 20:04:25Z INFO HostContext] Well known directory 'Bin': 'E:\github\cicd-lab\actions-runner\bin'
[2026-09-27 20:04:25Z INFO HostContext] Well known directory 'Root': 'E:\github\cicd-lab\actions-runner'
[2026-09-27 20:04:25Z INFO HostContext] Well known directory 'Work': 'E:\github\cicd-lab\actions-runner\_work'
[2026-09-27 20:04:25Z INFO HostContext] Well known directory 'Actions': 'E:\github\cicd-lab\actions-runner\_work\_actions'
[2026-09-27 20:04:25Z INFO Worker] Listening for cancel message from the channel.
[2026-09-27 20:04:25Z INFO Worker] Waiting for the job to complete or for a cancel message from the channel.
[2026-09-27 20:04:26Z INFO ResultServer] Successfully started websocket client.
[2026-09-27 20:04:26Z INFO JobServerQueue] Try to append 1 batches web console lines for record '4aee5d96-20fb-4f92-9a37-57834e9afeb3', success rate: 1/1.
[2026-09-27 20:04:26Z INFO HostContext] Well known directory 'Bin': 'E:\github\cicd-lab\actions-runner\bin'
[2026-09-27 20:04:26Z INFO HostContext] Well known directory 'Root': 'E:\github\cicd-lab\actions-runner'
[2026-09-27 20:04:26Z INFO HostContext] Well known directory 'Work': 'E:\github\cicd-lab\actions-runner\_work'
[2026-09-27 20:04:26Z INFO HostContext] Well known directory 'Actions': 'E:\github\cicd-lab\actions-runner\_work\_actions'
[2026-09-27 20:04:26Z INFO HostContext] Well known directory 'Bin': 'E:\github\cicd-lab\actions-runner\bin'
[2026-09-27 20:04:26Z INFO HostContext] Well known directory 'Root': 'E:\github\cicd-lab\actions-runner'
[2026-09-27 20:04:26Z INFO HostContext] Well known directory 'Work': 'E:\github\cicd-lab\actions-runner\_work'
[2026-09-27 20:04:26Z INFO HostContext] Well known directory 'Actions': 'E:\github\cicd-lab\actions-runner\_work\_actions'
[2026-09-27 20:04:26Z INFO ActionManager] Save archive 'https://codeload.github.com/docker/login-action/zip/c94ce9fb468520275223c153574b00df6fe4bcc9' into E:\github\cicd-lab\actions-runner\_work\_actions\_temp_dc56988b-fd17-473e-86c1-96ed51c5e2de\6c3d17bc-0c94-4865-b6e7-2b3068b55d21.zip.
[2026-09-27 20:04:26Z INFO ActionManager] Using Basic token for action archive download.
[2026-09-27 20:04:26Z INFO JobServerQueue] Try to append 1 batches web console lines for record '4aee5d96-20fb-4f92-9a37-57834e9afeb3', success rate: 1/1.
[2026-09-27 20:04:26Z INFO JobServerQueue] Job timeline record has been updated for the first time.
[2026-09-27 20:04:27Z INFO ActionManager] Request URL: https://codeload.github.com/docker/login-action/zip/c94ce9fb468520275223c153574b00df6fe4bcc9 X-GitHub-Request-Id: 5C1F:177741:5FD2D6:AB720A:6AB976C9 Http Status: OK
[2026-09-27 20:04:27Z INFO ActionManager] Finished getting action repository.
[2026-09-27 20:04:27Z INFO HostContext] Well known directory 'Bin': 'E:\github\cicd-lab\actions-runner\bin'
[2026-09-27 20:04:27Z INFO HostContext] Well known directory 'Root': 'E:\github\cicd-lab\actions-runner'
[2026-09-27 20:04:27Z INFO HostContext] Well known directory 'Work': 'E:\github\cicd-lab\actions-runner\_work'
[2026-09-27 20:04:27Z INFO HostContext] Well known directory 'Actions': 'E:\github\cicd-lab\actions-runner\_work\_actions'
[2026-09-27 20:04:27Z INFO ActionManifestManagerLegacy] Load schema file with definitions: [
  "null",
  "boolean",
  "number",
  "string",
  "sequence",
  "mapping",
  "any",
  "action-root",
  "inputs",
  "input",
  "outputs",
  "output-definition",
  "runs",
  "container-runs",
  "container-runs-args",
  "container-runs-env",
  "node-runs",
  "plugin-runs",
  "composite-runs",
  "composite-steps",
  "composite-step",
  "run-step",
  "uses-step",
  "container-runs-context",
  "output-value",
  "input-default-context",
  "non-empty-string",
  "string-steps-context",
  "boolean-steps-context",
  "step-env",
  "step-if",
  "step-with"
]
[2026-09-27 20:04:27Z INFO ActionManifestManager] Load schema file with definitions: [
  "null",
  "boolean",
  "number",
  "string",
  "sequence",
  "mapping",
  "any",
  "action-root",
  "inputs",
  "input",
  "outputs",
  "output-definition",
  "runs",
  "container-runs",
  "container-runs-args",
  "container-runs-env",
  "node-runs",
  "plugin-runs",
  "composite-runs",
  "composite-steps",
  "composite-step",
  "run-step",
  "uses-step",
  "container-runs-context",
  "output-value",
  "input-default-context",
  "non-empty-string",
  "string-steps-context",
  "boolean-steps-context",
  "step-env",
  "step-if",
  "step-with"
]
[2026-09-27 20:04:27Z INFO HostContext] Well known directory 'Bin': 'E:\github\cicd-lab\actions-runner\bin'
[2026-09-27 20:04:27Z INFO HostContext] Well known directory 'Root': 'E:\github\cicd-lab\actions-runner'
[2026-09-27 20:04:27Z INFO HostContext] Well known directory 'Work': 'E:\github\cicd-lab\actions-runner\_work'
[2026-09-27 20:04:27Z INFO HostContext] Well known directory 'Actions': 'E:\github\cicd-lab\actions-runner\_work\_actions'
[2026-09-27 20:04:27Z INFO ActionManifestManagerLegacy] Ignore action property author.
[2026-09-27 20:04:27Z INFO ActionManifestManagerLegacy] Ignore action property branding.
[2026-09-27 20:04:27Z INFO ActionManifestManagerLegacy] Loaded action.yml file: {
  "name": "Docker Login",
  "description": "GitHub Action to login against a Docker registry",
  "inputs": {
    "type": 2,
    "map": [
      {
        "key": {
          "type": 0,
          "file": 2,
          "line": 10,
          "col": 3,
          "lit": "registry"
        },
        "value": ""
      },
      {
        "key": {
          "type": 0,
          "file": 2,
          "line": 13,
          "col": 3,
          "lit": "username"
        },
        "value": ""
      },
      {
        "key": {
          "type": 0,
          "file": 2,
          "line": 16,
          "col": 3,
          "lit": "password"
        },
        "value": ""
      },
      {
        "key": {
          "type": 0,
          "file": 2,
          "line": 19,
          "col": 3,
          "lit": "ecr"
        },
        "value": ""
      },
      {
        "key": {
          "type": 0,
          "file": 2,
          "line": 22,
          "col": 3,
          "lit": "scope"
        },
        "value": ""
      },
      {
        "key": {
          "type": 0,
          "file": 2,
          "line": 25,
          "col": 3,
          "lit": "logout"
        },
        "value": {
          "type": 0,
          "file": 2,
          "line": 27,
          "col": 14,
          "lit": "true"
        }
      },
      {
        "key": {
          "type": 0,
          "file": 2,
          "line": 29,
          "col": 3,
          "lit": "registry-auth"
        },
        "value": ""
      }
    ]
  },
  "execution": {
    "executionType": "nodeJS",
    "hasPre": false,
    "hasPost": true,
    "script": "dist/index.js",
    "pre": null,
    "post": "dist/index.js",
    "nodeVersion": "node20",
    "cleanupCondition": "always()",
    "initCondition": "always()"
  },
  "deprecated": null
}
[2026-09-27 20:04:27Z INFO ActionManager] Action node.js file: dist/index.js, no more preparation.
[2026-09-27 20:04:27Z INFO HostContext] Well known directory 'Bin': 'E:\github\cicd-lab\actions-runner\bin'
[2026-09-27 20:04:27Z INFO HostContext] Well known directory 'Root': 'E:\github\cicd-lab\actions-runner'
[2026-09-27 20:04:27Z INFO HostContext] Well known directory 'Work': 'E:\github\cicd-lab\actions-runner\_work'
[2026-09-27 20:04:27Z INFO HostContext] Well known directory 'Actions': 'E:\github\cicd-lab\actions-runner\_work\_actions'
[2026-09-27 20:04:27Z INFO ActionManager] Load action that reference repository from 'E:\github\cicd-lab\actions-runner\_work\_actions\docker\login-action\v3'
[2026-09-27 20:04:27Z INFO HostContext] Well known directory 'Bin': 'E:\github\cicd-lab\actions-runner\bin'
[2026-09-27 20:04:27Z INFO HostContext] Well known directory 'Root': 'E:\github\cicd-lab\actions-runner'
[2026-09-27 20:04:27Z INFO HostContext] Well known directory 'Work': 'E:\github\cicd-lab\actions-runner\_work'
[2026-09-27 20:04:27Z INFO HostContext] Well known directory 'Actions': 'E:\github\cicd-lab\actions-runner\_work\_actions'
[2026-09-27 20:04:27Z INFO ActionManifestManagerLegacy] Ignore action property author.
[2026-09-27 20:04:27Z INFO ActionManifestManagerLegacy] Ignore action property branding.
[2026-09-27 20:04:27Z INFO ActionManifestManagerLegacy] Loaded action.yml file: {
  "name": "Docker Login",
  "description": "GitHub Action to login against a Docker registry",
  "inputs": {
    "type": 2,
    "map": [
      {
        "key": {
          "type": 0,
          "file": 2,
          "line": 10,
          "col": 3,
          "lit": "registry"
        },
        "value": ""
      },
      {
        "key": {
          "type": 0,
          "file": 2,
          "line": 13,
          "col": 3,
          "lit": "username"
        },
        "value": ""
      },
      {
        "key": {
          "type": 0,
          "file": 2,
          "line": 16,
          "col": 3,
          "lit": "password"
        },
        "value": ""
      },
      {
        "key": {
          "type": 0,
          "file": 2,
          "line": 19,
          "col": 3,
          "lit": "ecr"
        },
        "value": ""
      },
      {
        "key": {
          "type": 0,
          "file": 2,
          "line": 22,
          "col": 3,
          "lit": "scope"
        },
        "value": ""
      },
      {
        "key": {
          "type": 0,
          "file": 2,
          "line": 25,
          "col": 3,
          "lit": "logout"
        },
        "value": {
          "type": 0,
          "file": 2,
          "line": 27,
          "col": 14,
          "lit": "true"
        }
      },
      {
        "key": {
          "type": 0,
          "file": 2,
          "line": 29,
          "col": 3,
          "lit": "registry-auth"
        },
        "value": ""
      }
    ]
  },
  "execution": {
    "executionType": "nodeJS",
    "hasPre": false,
    "hasPost": true,
    "script": "dist/index.js",
    "pre": null,
    "post": "dist/index.js",
    "nodeVersion": "node20",
    "cleanupCondition": "always()",
    "initCondition": "always()"
  },
  "deprecated": null
}
[2026-09-27 20:04:27Z INFO ActionManager] Action pre node.js file: N/A.
[2026-09-27 20:04:27Z INFO ActionManager] Action node.js file: dist/index.js.
[2026-09-27 20:04:27Z INFO ActionManager] Action post node.js file: dist/index.js.
[2026-09-27 20:04:27Z INFO JobExtension] Adding .
[2026-09-27 20:04:27Z INFO JobExtension] Adding .
[2026-09-27 20:04:27Z INFO JobExtension] Adding .
[2026-09-27 20:04:27Z INFO HostContext] Well known directory 'Bin': 'E:\github\cicd-lab\actions-runner\bin'
[2026-09-27 20:04:27Z INFO HostContext] Well known directory 'Root': 'E:\github\cicd-lab\actions-runner'
[2026-09-27 20:04:27Z INFO HostContext] Well known directory 'Diag': 'E:\github\cicd-lab\actions-runner\_diag'
[2026-09-27 20:04:27Z INFO HostContext] Well known directory 'Bin': 'E:\github\cicd-lab\actions-runner\bin'
[2026-09-27 20:04:27Z INFO HostContext] Well known directory 'Root': 'E:\github\cicd-lab\actions-runner'
[2026-09-27 20:04:27Z INFO HostContext] Well known directory 'Diag': 'E:\github\cicd-lab\actions-runner\_diag'
[2026-09-27 20:04:27Z INFO HostContext] Well known directory 'Bin': 'E:\github\cicd-lab\actions-runner\bin'
[2026-09-27 20:04:27Z INFO HostContext] Well known directory 'Root': 'E:\github\cicd-lab\actions-runner'
[2026-09-27 20:04:27Z INFO HostContext] Well known directory 'Diag': 'E:\github\cicd-lab\actions-runner\_diag'
[2026-09-27 20:04:27Z INFO HostContext] Well known directory 'Bin': 'E:\github\cicd-lab\actions-runner\bin'
[2026-09-27 20:04:27Z INFO HostContext] Well known directory 'Root': 'E:\github\cicd-lab\actions-runner'
[2026-09-27 20:04:27Z INFO HostContext] Well known directory 'Diag': 'E:\github\cicd-lab\actions-runner\_diag'
[2026-09-27 20:04:27Z INFO HostContext] Well known directory 'Bin': 'E:\github\cicd-lab\actions-runner\bin'
[2026-09-27 20:04:27Z INFO HostContext] Well known directory 'Root': 'E:\github\cicd-lab\actions-runner'
[2026-09-27 20:04:27Z INFO HostContext] Well known directory 'Diag': 'E:\github\cicd-lab\actions-runner\_diag'
[2026-09-27 20:04:27Z INFO HostContext] Well known directory 'Bin': 'E:\github\cicd-lab\actions-runner\bin'
[2026-09-27 20:04:27Z INFO HostContext] Well known directory 'Root': 'E:\github\cicd-lab\actions-runner'
[2026-09-27 20:04:27Z INFO HostContext] Well known directory 'Diag': 'E:\github\cicd-lab\actions-runner\_diag'
[2026-09-27 20:04:27Z INFO JobExtension] Total accessible running process: 276.
[2026-09-27 20:04:27Z INFO HostContext] Well known directory 'Bin': 'E:\github\cicd-lab\actions-runner\bin'
[2026-09-27 20:04:27Z INFO HostContext] Well known directory 'Root': 'E:\github\cicd-lab\actions-runner'
[2026-09-27 20:04:27Z INFO HostContext] Well known directory 'Work': 'E:\github\cicd-lab\actions-runner\_work'
[2026-09-27 20:04:27Z INFO JobExtension] Start checking server connectivity.
[2026-09-27 20:04:27Z INFO JobExtension] Check server connectivity for https://broker.actions.githubusercontent.com/health.
[2026-09-27 20:04:27Z INFO JobExtension] Check server connectivity for https://token.actions.githubusercontent.com/ready.
[2026-09-27 20:04:27Z INFO JobExtension] Check server connectivity for https://run.actions.githubusercontent.com/health.
[2026-09-27 20:04:27Z INFO JobExtension] Start checking server connectivity and DNS.
[2026-09-27 20:04:27Z INFO JobExtension] Check server connectivity for https://github.com/_dns.
[2026-09-27 20:04:27Z INFO JobExtension] Check server connectivity for https://api.github.com/_dns.
[2026-09-27 20:04:27Z INFO JobExtension] Check server connectivity for https://codeload.github.com/_dns.
[2026-09-27 20:04:27Z INFO JobExtension] Check server connectivity for https://pkg.github.com/_dns.
[2026-09-27 20:04:27Z INFO JobExtension] Check server connectivity for https://copilot-proxy.githubusercontent.com/_dns.
[2026-09-27 20:04:27Z INFO JobExtension] Start checking service connectivity in background.
[2026-09-27 20:04:27Z INFO ExecutionContext] Publish step telemetry for current step {
  "action": "setup_job",
  "type": "runner",
  "stage": "Pre",
  "stepId": "4aee5d96-20fb-4f92-9a37-57834e9afeb3",
  "result": "succeeded",
  "errorMessages": [],
  "executionTimeInSeconds": 2,
  "startTime": "2026-09-27T20:04:25.7988348Z",
  "finishTime": "2026-09-27T20:04:27.4967955Z"
}.
[2026-09-27 20:04:27Z INFO JobRunner] Total job steps: 3.
[2026-09-27 20:04:27Z INFO JobRunner] Run all job steps.
[2026-09-27 20:04:27Z INFO DapDebugger] DapDebugger initialized
[2026-09-27 20:04:27Z INFO StepsRunner] Processing step: DisplayName='Log in to GHCR'
[2026-09-27 20:04:27Z INFO StepsRunner] Evaluating: success()
[2026-09-27 20:04:27Z INFO StepsRunner] Result: true
[2026-09-27 20:04:27Z INFO StepsRunner] Starting the step.
[2026-09-27 20:04:27Z INFO JobServerQueue] Try to append 1 batches web console lines for record '4aee5d96-20fb-4f92-9a37-57834e9afeb3', success rate: 1/1.
[2026-09-27 20:04:27Z INFO HostContext] Well known directory 'Bin': 'E:\github\cicd-lab\actions-runner\bin'
[2026-09-27 20:04:27Z INFO HostContext] Well known directory 'Root': 'E:\github\cicd-lab\actions-runner'
[2026-09-27 20:04:27Z INFO HostContext] Well known directory 'Work': 'E:\github\cicd-lab\actions-runner\_work'
[2026-09-27 20:04:27Z INFO StepsRunner] Which2: 'chcp'
[2026-09-27 20:04:27Z INFO StepsRunner] Location: 'C:\WINDOWS\system32\chcp.COM'
[2026-09-27 20:04:27Z INFO ProcessInvokerWrapper] Starting process:
[2026-09-27 20:04:27Z INFO ProcessInvokerWrapper]   File name: 'C:\WINDOWS\system32\chcp.COM'
[2026-09-27 20:04:27Z INFO ProcessInvokerWrapper]   Arguments: '65001'
[2026-09-27 20:04:27Z INFO ProcessInvokerWrapper]   Working directory: 'E:\github\cicd-lab\actions-runner\_work'
[2026-09-27 20:04:27Z INFO ProcessInvokerWrapper]   Require exit code zero: 'False'
[2026-09-27 20:04:27Z INFO ProcessInvokerWrapper]   Encoding web name:  ; code page: ''
[2026-09-27 20:04:27Z INFO ProcessInvokerWrapper]   Force kill process on cancellation: 'False'
[2026-09-27 20:04:27Z INFO ProcessInvokerWrapper]   Redirected STDIN: 'False'
[2026-09-27 20:04:27Z INFO ProcessInvokerWrapper]   Persist current code page: 'True'
[2026-09-27 20:04:27Z INFO ProcessInvokerWrapper]   Keep redirected STDIN open: 'False'
[2026-09-27 20:04:27Z INFO ProcessInvokerWrapper]   High priority process: 'False'
[2026-09-27 20:04:27Z INFO ProcessInvokerWrapper] Process started with process id 23332, waiting for process exit.
[2026-09-27 20:04:27Z INFO ProcessInvokerWrapper] STDOUT/STDERR stream read finished.
[2026-09-27 20:04:27Z INFO ProcessInvokerWrapper] STDOUT/STDERR stream read finished.
[2026-09-27 20:04:27Z INFO ProcessInvokerWrapper] Finished process 23332 with exit code 0, and elapsed time 00:00:00.0089898.
[2026-09-27 20:04:27Z INFO StepsRunner] Successfully returned to code page 65001 (UTF8)
[2026-09-27 20:04:27Z INFO HostContext] Well known directory 'Bin': 'E:\github\cicd-lab\actions-runner\bin'
[2026-09-27 20:04:27Z INFO HostContext] Well known directory 'Root': 'E:\github\cicd-lab\actions-runner'
[2026-09-27 20:04:27Z INFO HostContext] Well known directory 'Work': 'E:\github\cicd-lab\actions-runner\_work'
[2026-09-27 20:04:27Z INFO HostContext] Well known directory 'Actions': 'E:\github\cicd-lab\actions-runner\_work\_actions'
[2026-09-27 20:04:27Z INFO ActionManager] Load action that reference repository from 'E:\github\cicd-lab\actions-runner\_work\_actions\docker\login-action\v3'
[2026-09-27 20:04:27Z INFO HostContext] Well known directory 'Bin': 'E:\github\cicd-lab\actions-runner\bin'
[2026-09-27 20:04:27Z INFO HostContext] Well known directory 'Root': 'E:\github\cicd-lab\actions-runner'
[2026-09-27 20:04:27Z INFO HostContext] Well known directory 'Work': 'E:\github\cicd-lab\actions-runner\_work'
[2026-09-27 20:04:27Z INFO HostContext] Well known directory 'Actions': 'E:\github\cicd-lab\actions-runner\_work\_actions'
[2026-09-27 20:04:27Z INFO ActionManifestManagerLegacy] Ignore action property author.
[2026-09-27 20:04:27Z INFO ActionManifestManagerLegacy] Ignore action property branding.
[2026-09-27 20:04:27Z INFO ActionManifestManagerLegacy] Loaded action.yml file: {
  "name": "Docker Login",
  "description": "GitHub Action to login against a Docker registry",
  "inputs": {
    "type": 2,
    "map": [
      {
        "key": {
          "type": 0,
          "file": 2,
          "line": 10,
          "col": 3,
          "lit": "registry"
        },
        "value": ""
      },
      {
        "key": {
          "type": 0,
          "file": 2,
          "line": 13,
          "col": 3,
          "lit": "username"
        },
        "value": ""
      },
      {
        "key": {
          "type": 0,
          "file": 2,
          "line": 16,
          "col": 3,
          "lit": "password"
        },
        "value": ""
      },
      {
        "key": {
          "type": 0,
          "file": 2,
          "line": 19,
          "col": 3,
          "lit": "ecr"
        },
        "value": ""
      },
      {
        "key": {
          "type": 0,
          "file": 2,
          "line": 22,
          "col": 3,
          "lit": "scope"
        },
        "value": ""
      },
      {
        "key": {
          "type": 0,
          "file": 2,
          "line": 25,
          "col": 3,
          "lit": "logout"
        },
        "value": {
          "type": 0,
          "file": 2,
          "line": 27,
          "col": 14,
          "lit": "true"
        }
      },
      {
        "key": {
          "type": 0,
          "file": 2,
          "line": 29,
          "col": 3,
          "lit": "registry-auth"
        },
        "value": ""
      }
    ]
  },
  "execution": {
    "executionType": "nodeJS",
    "hasPre": false,
    "hasPost": true,
    "script": "dist/index.js",
    "pre": null,
    "post": "dist/index.js",
    "nodeVersion": "node20",
    "cleanupCondition": "always()",
    "initCondition": "always()"
  },
  "deprecated": null
}
[2026-09-27 20:04:27Z INFO ActionManager] Action pre node.js file: N/A.
[2026-09-27 20:04:27Z INFO ActionManager] Action node.js file: dist/index.js.
[2026-09-27 20:04:27Z INFO ActionManager] Action post node.js file: dist/index.js.
[2026-09-27 20:04:27Z INFO ExecutionContext] Reserve record order 5 to 8 for post job actions.
[2026-09-27 20:04:27Z INFO HostContext] Well known directory 'Bin': 'E:\github\cicd-lab\actions-runner\bin'
[2026-09-27 20:04:27Z INFO HostContext] Well known directory 'Root': 'E:\github\cicd-lab\actions-runner'
[2026-09-27 20:04:27Z INFO HostContext] Well known directory 'Diag': 'E:\github\cicd-lab\actions-runner\_diag'
[2026-09-27 20:04:27Z INFO HostContext] Well known directory 'Bin': 'E:\github\cicd-lab\actions-runner\bin'
[2026-09-27 20:04:27Z INFO HostContext] Well known directory 'Root': 'E:\github\cicd-lab\actions-runner'
[2026-09-27 20:04:27Z INFO HostContext] Well known directory 'Diag': 'E:\github\cicd-lab\actions-runner\_diag'
[2026-09-27 20:04:27Z INFO HostContext] Well known directory 'Bin': 'E:\github\cicd-lab\actions-runner\bin'
[2026-09-27 20:04:27Z INFO HostContext] Well known directory 'Root': 'E:\github\cicd-lab\actions-runner'
[2026-09-27 20:04:27Z INFO HostContext] Well known directory 'Work': 'E:\github\cicd-lab\actions-runner\_work'
[2026-09-27 20:04:27Z INFO HostContext] Well known directory 'Temp': 'E:\github\cicd-lab\actions-runner\_work\_temp'
[2026-09-27 20:04:27Z INFO ExecutionContext] Write event payload to E:\github\cicd-lab\actions-runner\_work\_temp\_github_workflow\event.json
[2026-09-27 20:04:27Z INFO HostContext] Well known directory 'Bin': 'E:\github\cicd-lab\actions-runner\bin'
[2026-09-27 20:04:27Z INFO HostContext] Well known directory 'Root': 'E:\github\cicd-lab\actions-runner'
[2026-09-27 20:04:27Z INFO HostContext] Well known directory 'Work': 'E:\github\cicd-lab\actions-runner\_work'
[2026-09-27 20:04:27Z INFO HostContext] Well known directory 'Temp': 'E:\github\cicd-lab\actions-runner\_work\_temp'
[2026-09-27 20:04:27Z INFO ExtensionManager] Getting extensions for interface: 'GitHub.Runner.Worker.IFileCommandExtension'
[2026-09-27 20:04:27Z INFO ExtensionManager] Creating instance: GitHub.Runner.Worker.AddPathFileCommand, Runner.Worker
[2026-09-27 20:04:27Z INFO ExtensionManager] Creating instance: GitHub.Runner.Worker.SetEnvFileCommand, Runner.Worker
[2026-09-27 20:04:27Z INFO ExtensionManager] Creating instance: GitHub.Runner.Worker.CreateStepSummaryCommand, Runner.Worker
[2026-09-27 20:04:27Z INFO ExtensionManager] Creating instance: GitHub.Runner.Worker.SaveStateFileCommand, Runner.Worker
[2026-09-27 20:04:27Z INFO ExtensionManager] Creating instance: GitHub.Runner.Worker.SetOutputFileCommand, Runner.Worker
[2026-09-27 20:04:27Z INFO ExtensionManager] Creating instance: GitHub.Runner.Worker.CreateArtifactsFileCommand, Runner.Worker
[2026-09-27 20:04:27Z INFO ExtensionManager] Creating instance: GitHub.Runner.Worker.ArtifactsListFileCommand, Runner.Worker
[2026-09-27 20:04:27Z INFO ActionManifestManagerLegacy] Input 'ecr': default value evaluate result: ""
[2026-09-27 20:04:27Z INFO ActionManifestManagerLegacy] Input 'scope': default value evaluate result: ""
[2026-09-27 20:04:27Z INFO ActionManifestManagerLegacy] Input 'logout': default value evaluate result: {
  "type": 0,
  "file": 2,
  "line": 27,
  "col": 14,
  "lit": "true"
}
[2026-09-27 20:04:27Z INFO ActionManifestManagerLegacy] Input 'registry-auth': default value evaluate result: ""
[2026-09-27 20:04:27Z INFO ExtensionManager] Getting extensions for interface: 'GitHub.Runner.Worker.IActionCommandExtension'
[2026-09-27 20:04:27Z INFO ExtensionManager] Creating instance: GitHub.Runner.Worker.InternalPluginSetRepoPathCommandExtension, Runner.Worker
[2026-09-27 20:04:27Z INFO ExtensionManager] Creating instance: GitHub.Runner.Worker.SetEnvCommandExtension, Runner.Worker
[2026-09-27 20:04:27Z INFO ExtensionManager] Creating instance: GitHub.Runner.Worker.SetOutputCommandExtension, Runner.Worker
[2026-09-27 20:04:27Z INFO ExtensionManager] Creating instance: GitHub.Runner.Worker.SaveStateCommandExtension, Runner.Worker
[2026-09-27 20:04:27Z INFO ExtensionManager] Creating instance: GitHub.Runner.Worker.AddPathCommandExtension, Runner.Worker
[2026-09-27 20:04:27Z INFO ExtensionManager] Creating instance: GitHub.Runner.Worker.AddMaskCommandExtension, Runner.Worker
[2026-09-27 20:04:27Z INFO ExtensionManager] Creating instance: GitHub.Runner.Worker.AddMatcherCommandExtension, Runner.Worker
[2026-09-27 20:04:27Z INFO ExtensionManager] Creating instance: GitHub.Runner.Worker.RemoveMatcherCommandExtension, Runner.Worker
[2026-09-27 20:04:27Z INFO ExtensionManager] Creating instance: GitHub.Runner.Worker.WarningCommandExtension, Runner.Worker
[2026-09-27 20:04:27Z INFO ExtensionManager] Creating instance: GitHub.Runner.Worker.ErrorCommandExtension, Runner.Worker
[2026-09-27 20:04:27Z INFO ExtensionManager] Creating instance: GitHub.Runner.Worker.NoticeCommandExtension, Runner.Worker
[2026-09-27 20:04:27Z INFO ExtensionManager] Creating instance: GitHub.Runner.Worker.DebugCommandExtension, Runner.Worker
[2026-09-27 20:04:27Z INFO ExtensionManager] Creating instance: GitHub.Runner.Worker.GroupCommandExtension, Runner.Worker
[2026-09-27 20:04:27Z INFO ExtensionManager] Creating instance: GitHub.Runner.Worker.EndGroupCommandExtension, Runner.Worker
[2026-09-27 20:04:27Z INFO ExtensionManager] Creating instance: GitHub.Runner.Worker.EchoCommandExtension, Runner.Worker
[2026-09-27 20:04:27Z INFO ActionCommandManager] Register action command extension for command internal-set-repo-path
[2026-09-27 20:04:27Z INFO ActionCommandManager] Register action command extension for command set-env
[2026-09-27 20:04:27Z INFO ActionCommandManager] Register action command extension for command set-output
[2026-09-27 20:04:27Z INFO ActionCommandManager] Register action command extension for command save-state
[2026-09-27 20:04:27Z INFO ActionCommandManager] Register action command extension for command add-path
[2026-09-27 20:04:27Z INFO ActionCommandManager] Register action command extension for command add-mask
[2026-09-27 20:04:27Z INFO ActionCommandManager] Register action command extension for command add-matcher
[2026-09-27 20:04:27Z INFO ActionCommandManager] Register action command extension for command remove-matcher
[2026-09-27 20:04:27Z INFO ActionCommandManager] Register action command extension for command warning
[2026-09-27 20:04:27Z INFO ActionCommandManager] Register action command extension for command error
[2026-09-27 20:04:27Z INFO ActionCommandManager] Register action command extension for command notice
[2026-09-27 20:04:27Z INFO ActionCommandManager] Register action command extension for command debug
[2026-09-27 20:04:27Z INFO ActionCommandManager] Register action command extension for command group
[2026-09-27 20:04:27Z INFO ActionCommandManager] Register action command extension for command endgroup
[2026-09-27 20:04:27Z INFO ActionCommandManager] Register action command extension for command echo
[2026-09-27 20:04:27Z INFO HostContext] Well known directory 'Bin': 'E:\github\cicd-lab\actions-runner\bin'
[2026-09-27 20:04:27Z INFO HostContext] Well known directory 'Root': 'E:\github\cicd-lab\actions-runner'
[2026-09-27 20:04:27Z INFO HostContext] Well known directory 'Externals': 'E:\github\cicd-lab\actions-runner\externals'
[2026-09-27 20:04:27Z INFO ProcessInvokerWrapper] Starting process:
[2026-09-27 20:04:27Z INFO ProcessInvokerWrapper]   File name: 'E:\github\cicd-lab\actions-runner\externals\node24\bin\node.exe'
[2026-09-27 20:04:27Z INFO ProcessInvokerWrapper]   Arguments: '"E:\github\cicd-lab\actions-runner\_work\_actions\docker\login-action\v3\dist/index.js"'
[2026-09-27 20:04:27Z INFO ProcessInvokerWrapper]   Working directory: 'E:\github\cicd-lab\actions-runner\_work\cicd-lab\cicd-lab'
[2026-09-27 20:04:27Z INFO ProcessInvokerWrapper]   Require exit code zero: 'False'
[2026-09-27 20:04:27Z INFO ProcessInvokerWrapper]   Encoding web name: utf-8 ; code page: '65001'
[2026-09-27 20:04:27Z INFO ProcessInvokerWrapper]   Force kill process on cancellation: 'False'
[2026-09-27 20:04:27Z INFO ProcessInvokerWrapper]   Redirected STDIN: 'False'
[2026-09-27 20:04:27Z INFO ProcessInvokerWrapper]   Persist current code page: 'True'
[2026-09-27 20:04:27Z INFO ProcessInvokerWrapper]   Keep redirected STDIN open: 'False'
[2026-09-27 20:04:27Z INFO ProcessInvokerWrapper]   High priority process: 'False'
[2026-09-27 20:04:27Z INFO ProcessInvokerWrapper] Process started with process id 4988, waiting for process exit.
[2026-09-27 20:04:27Z INFO JobServerQueue] Try to append 1 batches web console lines for record 'f2592496-413a-4ec5-9723-51ce1eaec456', success rate: 1/1.
[2026-09-27 20:04:27Z INFO JobServerQueue] Got a step log file to send to results service.
[2026-09-27 20:04:27Z INFO JobServerQueue] Starting upload of step log file to results service ResultsLog, E:\github\cicd-lab\actions-runner\_diag\blocks\6360c033-ad8c-4e82-9136-823b276ba979_4aee5d96-20fb-4f92-9a37-57834e9afeb3.1
[2026-09-27 20:04:27Z INFO JobServerQueue] Try to upload 1 log files or attachments, success rate: 1/1.
[2026-09-27 20:04:28Z INFO JobServerQueue] Try to append 1 batches web console lines for record 'f2592496-413a-4ec5-9723-51ce1eaec456', success rate: 1/1.
[2026-09-27 20:04:28Z INFO JobServerQueue] Tried to upload 1 file(s) to results, success rate: 1/1.
[2026-09-27 20:04:28Z INFO ProcessInvokerWrapper] STDOUT/STDERR stream read finished.
[2026-09-27 20:04:28Z INFO ProcessInvokerWrapper] STDOUT/STDERR stream read finished.
[2026-09-27 20:04:28Z INFO ProcessInvokerWrapper] Finished process 4988 with exit code 0, and elapsed time 00:00:01.1405395.
[2026-09-27 20:04:28Z INFO CreateStepSummaryCommand] Step Summary file (E:\github\cicd-lab\actions-runner\_work\_temp\_runner_file_commands\step_summary_9bd2e32c-c1d7-415c-9898-dca7e6b6551b) is empty; skipping attachment upload
[2026-09-27 20:04:28Z INFO StepsRunner] Step result: 
[2026-09-27 20:04:28Z INFO ExecutionContext] Publish step telemetry for current step {
  "action": "docker/login-action",
  "ref": "v3",
  "type": "node24",
  "stage": "Main",
  "stepId": "f2592496-413a-4ec5-9723-51ce1eaec456",
  "stepContextName": "__docker_login-action",
  "hasPreStep": false,
  "hasPostStep": true,
  "result": "succeeded",
  "errorMessages": [],
  "executionTimeInSeconds": 2,
  "startTime": "2026-09-27T20:04:27.5082186Z",
  "finishTime": "2026-09-27T20:04:28.7180215Z"
}.
[2026-09-27 20:04:28Z INFO StepsRunner] No need for updating job result with current step result 'Succeeded'.
[2026-09-27 20:04:28Z INFO StepsRunner] Current state: job state = ''
[2026-09-27 20:04:28Z INFO StepsRunner] Processing step: DisplayName='Pull Docker image'
[2026-09-27 20:04:28Z INFO StepsRunner] Evaluating: success()
[2026-09-27 20:04:28Z INFO StepsRunner] Result: true
[2026-09-27 20:04:28Z INFO StepsRunner] Starting the step.
[2026-09-27 20:04:28Z INFO HostContext] Well known directory 'Bin': 'E:\github\cicd-lab\actions-runner\bin'
[2026-09-27 20:04:28Z INFO HostContext] Well known directory 'Root': 'E:\github\cicd-lab\actions-runner'
[2026-09-27 20:04:28Z INFO HostContext] Well known directory 'Work': 'E:\github\cicd-lab\actions-runner\_work'
[2026-09-27 20:04:28Z INFO StepsRunner] Which2: 'chcp'
[2026-09-27 20:04:28Z INFO StepsRunner] Location: 'C:\WINDOWS\system32\chcp.COM'
[2026-09-27 20:04:28Z INFO ProcessInvokerWrapper] Starting process:
[2026-09-27 20:04:28Z INFO ProcessInvokerWrapper]   File name: 'C:\WINDOWS\system32\chcp.COM'
[2026-09-27 20:04:28Z INFO ProcessInvokerWrapper]   Arguments: '65001'
[2026-09-27 20:04:28Z INFO ProcessInvokerWrapper]   Working directory: 'E:\github\cicd-lab\actions-runner\_work'
[2026-09-27 20:04:28Z INFO ProcessInvokerWrapper]   Require exit code zero: 'False'
[2026-09-27 20:04:28Z INFO ProcessInvokerWrapper]   Encoding web name:  ; code page: ''
[2026-09-27 20:04:28Z INFO ProcessInvokerWrapper]   Force kill process on cancellation: 'False'
[2026-09-27 20:04:28Z INFO ProcessInvokerWrapper]   Redirected STDIN: 'False'
[2026-09-27 20:04:28Z INFO ProcessInvokerWrapper]   Persist current code page: 'True'
[2026-09-27 20:04:28Z INFO ProcessInvokerWrapper]   Keep redirected STDIN open: 'False'
[2026-09-27 20:04:28Z INFO ProcessInvokerWrapper]   High priority process: 'False'
[2026-09-27 20:04:28Z INFO ProcessInvokerWrapper] Process started with process id 10084, waiting for process exit.
[2026-09-27 20:04:28Z INFO ProcessInvokerWrapper] STDOUT/STDERR stream read finished.
[2026-09-27 20:04:28Z INFO ProcessInvokerWrapper] STDOUT/STDERR stream read finished.
[2026-09-27 20:04:28Z INFO ProcessInvokerWrapper] Finished process 10084 with exit code 0, and elapsed time 00:00:00.0070052.
[2026-09-27 20:04:28Z INFO StepsRunner] Successfully returned to code page 65001 (UTF8)
[2026-09-27 20:04:28Z INFO HostContext] Well known directory 'Bin': 'E:\github\cicd-lab\actions-runner\bin'
[2026-09-27 20:04:28Z INFO HostContext] Well known directory 'Root': 'E:\github\cicd-lab\actions-runner'
[2026-09-27 20:04:28Z INFO HostContext] Well known directory 'Work': 'E:\github\cicd-lab\actions-runner\_work'
[2026-09-27 20:04:28Z INFO HostContext] Well known directory 'Temp': 'E:\github\cicd-lab\actions-runner\_work\_temp'
[2026-09-27 20:04:28Z INFO ExecutionContext] Write event payload to E:\github\cicd-lab\actions-runner\_work\_temp\_github_workflow\event.json
[2026-09-27 20:04:28Z INFO HostContext] Well known directory 'Bin': 'E:\github\cicd-lab\actions-runner\bin'
[2026-09-27 20:04:28Z INFO HostContext] Well known directory 'Root': 'E:\github\cicd-lab\actions-runner'
[2026-09-27 20:04:28Z INFO HostContext] Well known directory 'Work': 'E:\github\cicd-lab\actions-runner\_work'
[2026-09-27 20:04:28Z INFO HostContext] Well known directory 'Temp': 'E:\github\cicd-lab\actions-runner\_work\_temp'
[2026-09-27 20:04:28Z INFO ExtensionManager] Getting extensions for interface: 'GitHub.Runner.Worker.IFileCommandExtension'
[2026-09-27 20:04:28Z INFO ExtensionManager] Getting extensions for interface: 'GitHub.Runner.Worker.IActionCommandExtension'
[2026-09-27 20:04:28Z INFO ActionCommandManager] Register action command extension for command internal-set-repo-path
[2026-09-27 20:04:28Z INFO ActionCommandManager] Register action command extension for command set-env
[2026-09-27 20:04:28Z INFO ActionCommandManager] Register action command extension for command set-output
[2026-09-27 20:04:28Z INFO ActionCommandManager] Register action command extension for command save-state
[2026-09-27 20:04:28Z INFO ActionCommandManager] Register action command extension for command add-path
[2026-09-27 20:04:28Z INFO ActionCommandManager] Register action command extension for command add-mask
[2026-09-27 20:04:28Z INFO ActionCommandManager] Register action command extension for command add-matcher
[2026-09-27 20:04:28Z INFO ActionCommandManager] Register action command extension for command remove-matcher
[2026-09-27 20:04:28Z INFO ActionCommandManager] Register action command extension for command warning
[2026-09-27 20:04:28Z INFO ActionCommandManager] Register action command extension for command error
[2026-09-27 20:04:28Z INFO ActionCommandManager] Register action command extension for command notice
[2026-09-27 20:04:28Z INFO ActionCommandManager] Register action command extension for command debug
[2026-09-27 20:04:28Z INFO ActionCommandManager] Register action command extension for command group
[2026-09-27 20:04:28Z INFO ActionCommandManager] Register action command extension for command endgroup
[2026-09-27 20:04:28Z INFO ActionCommandManager] Register action command extension for command echo
[2026-09-27 20:04:28Z INFO ScriptHandler] Which2: 'pwsh'
[2026-09-27 20:04:28Z INFO ScriptHandler] pwsh: command not found. Make sure 'pwsh' is installed and its location included in the 'Path' environment variable.
[2026-09-27 20:04:28Z INFO ScriptHandler] Defaulting to powershell
[2026-09-27 20:04:28Z INFO ScriptHandler] Which2: 'powershell'
[2026-09-27 20:04:28Z INFO ScriptHandler] Location: 'C:\WINDOWS\System32\WindowsPowerShell\v1.0\powershell.EXE'
[2026-09-27 20:04:28Z INFO HostContext] Well known directory 'Bin': 'E:\github\cicd-lab\actions-runner\bin'
[2026-09-27 20:04:28Z INFO HostContext] Well known directory 'Root': 'E:\github\cicd-lab\actions-runner'
[2026-09-27 20:04:28Z INFO HostContext] Well known directory 'Work': 'E:\github\cicd-lab\actions-runner\_work'
[2026-09-27 20:04:28Z INFO HostContext] Well known directory 'Temp': 'E:\github\cicd-lab\actions-runner\_work\_temp'
[2026-09-27 20:04:28Z INFO ScriptHandler] Which2: 'pwsh'
[2026-09-27 20:04:28Z INFO ScriptHandler] pwsh: command not found. Make sure 'pwsh' is installed and its location included in the 'Path' environment variable.
[2026-09-27 20:04:28Z INFO ScriptHandler] Defaulting to powershell
[2026-09-27 20:04:28Z INFO ScriptHandler] Which2: 'powershell'
[2026-09-27 20:04:28Z INFO ScriptHandler] Location: 'C:\WINDOWS\System32\WindowsPowerShell\v1.0\powershell.EXE'
[2026-09-27 20:04:28Z INFO ProcessInvokerWrapper] Starting process:
[2026-09-27 20:04:28Z INFO ProcessInvokerWrapper]   File name: 'C:\WINDOWS\System32\WindowsPowerShell\v1.0\powershell.EXE'
[2026-09-27 20:04:28Z INFO ProcessInvokerWrapper]   Arguments: '-command ". 'E:\github\cicd-lab\actions-runner\_work\_temp\a3ba40c9-a239-4c91-897a-f0126b7005be.ps1'"'
[2026-09-27 20:04:28Z INFO ProcessInvokerWrapper]   Working directory: 'E:\github\cicd-lab\actions-runner\_work\cicd-lab\cicd-lab'
[2026-09-27 20:04:28Z INFO ProcessInvokerWrapper]   Require exit code zero: 'False'
[2026-09-27 20:04:28Z INFO ProcessInvokerWrapper]   Encoding web name:  ; code page: ''
[2026-09-27 20:04:28Z INFO ProcessInvokerWrapper]   Force kill process on cancellation: 'False'
[2026-09-27 20:04:28Z INFO ProcessInvokerWrapper]   Redirected STDIN: 'False'
[2026-09-27 20:04:28Z INFO ProcessInvokerWrapper]   Persist current code page: 'True'
[2026-09-27 20:04:28Z INFO ProcessInvokerWrapper]   Keep redirected STDIN open: 'False'
[2026-09-27 20:04:28Z INFO ProcessInvokerWrapper]   High priority process: 'False'
[2026-09-27 20:04:28Z INFO JobServerQueue] Try to upload 1 log files or attachments, success rate: 1/1.
[2026-09-27 20:04:28Z INFO JobServerQueue] Try to append 1 batches web console lines for record 'f2592496-413a-4ec5-9723-51ce1eaec456', success rate: 1/1.
[2026-09-27 20:04:28Z INFO JobServerQueue] Try to append 1 batches web console lines for record '5e0698b8-67d0-4b21-abd2-2e3d0e9bfa6a', success rate: 1/1.
[2026-09-27 20:04:28Z INFO ProcessInvokerWrapper] Process started with process id 18408, waiting for process exit.
[2026-09-27 20:04:29Z INFO JobServerQueue] Got a step log file to send to results service.
[2026-09-27 20:04:29Z INFO JobServerQueue] Starting upload of step log file to results service ResultsLog, E:\github\cicd-lab\actions-runner\_diag\blocks\6360c033-ad8c-4e82-9136-823b276ba979_f2592496-413a-4ec5-9723-51ce1eaec456.1
[2026-09-27 20:04:30Z INFO JobServerQueue] Try to append 1 batches web console lines for record '5e0698b8-67d0-4b21-abd2-2e3d0e9bfa6a', success rate: 1/1.
[2026-09-27 20:04:30Z INFO JobServerQueue] Tried to upload 1 file(s) to results, success rate: 1/1.
[2026-09-27 20:04:31Z INFO JobServerQueue] Try to append 1 batches web console lines for record '5e0698b8-67d0-4b21-abd2-2e3d0e9bfa6a', success rate: 1/1.
[2026-09-27 20:04:31Z INFO ProcessInvokerWrapper] STDOUT/STDERR stream read finished.
[2026-09-27 20:04:31Z INFO ProcessInvokerWrapper] STDOUT/STDERR stream read finished.
[2026-09-27 20:04:31Z INFO ProcessInvokerWrapper] Finished process 18408 with exit code 0, and elapsed time 00:00:02.9694863.
[2026-09-27 20:04:31Z INFO CreateStepSummaryCommand] Step Summary file (E:\github\cicd-lab\actions-runner\_work\_temp\_runner_file_commands\step_summary_c2b31841-4357-4733-ad40-5c17d845efd8) is empty; skipping attachment upload
[2026-09-27 20:04:31Z INFO StepsRunner] Step result: 
[2026-09-27 20:04:31Z INFO ExecutionContext] Publish step telemetry for current step {
  "action": "powershell",
  "type": "run",
  "stage": "Main",
  "stepId": "5e0698b8-67d0-4b21-abd2-2e3d0e9bfa6a",
  "stepContextName": "__run",
  "result": "succeeded",
  "errorMessages": [],
  "executionTimeInSeconds": 4,
  "startTime": "2026-09-27T20:04:28.7198577Z",
  "finishTime": "2026-09-27T20:04:31.7669194Z"
}.
[2026-09-27 20:04:31Z INFO StepsRunner] No need for updating job result with current step result 'Succeeded'.
[2026-09-27 20:04:31Z INFO StepsRunner] Current state: job state = ''
[2026-09-27 20:04:31Z INFO StepsRunner] Processing step: DisplayName='Deploy container'
[2026-09-27 20:04:31Z INFO StepsRunner] Evaluating: success()
[2026-09-27 20:04:31Z INFO StepsRunner] Result: true
[2026-09-27 20:04:31Z INFO StepsRunner] Starting the step.
[2026-09-27 20:04:31Z INFO HostContext] Well known directory 'Bin': 'E:\github\cicd-lab\actions-runner\bin'
[2026-09-27 20:04:31Z INFO HostContext] Well known directory 'Root': 'E:\github\cicd-lab\actions-runner'
[2026-09-27 20:04:31Z INFO HostContext] Well known directory 'Work': 'E:\github\cicd-lab\actions-runner\_work'
[2026-09-27 20:04:31Z INFO StepsRunner] Which2: 'chcp'
[2026-09-27 20:04:31Z INFO StepsRunner] Location: 'C:\WINDOWS\system32\chcp.COM'
[2026-09-27 20:04:31Z INFO ProcessInvokerWrapper] Starting process:
[2026-09-27 20:04:31Z INFO ProcessInvokerWrapper]   File name: 'C:\WINDOWS\system32\chcp.COM'
[2026-09-27 20:04:31Z INFO ProcessInvokerWrapper]   Arguments: '65001'
[2026-09-27 20:04:31Z INFO ProcessInvokerWrapper]   Working directory: 'E:\github\cicd-lab\actions-runner\_work'
[2026-09-27 20:04:31Z INFO ProcessInvokerWrapper]   Require exit code zero: 'False'
[2026-09-27 20:04:31Z INFO ProcessInvokerWrapper]   Encoding web name:  ; code page: ''
[2026-09-27 20:04:31Z INFO ProcessInvokerWrapper]   Force kill process on cancellation: 'False'
[2026-09-27 20:04:31Z INFO ProcessInvokerWrapper]   Redirected STDIN: 'False'
[2026-09-27 20:04:31Z INFO ProcessInvokerWrapper]   Persist current code page: 'True'
[2026-09-27 20:04:31Z INFO ProcessInvokerWrapper]   Keep redirected STDIN open: 'False'
[2026-09-27 20:04:31Z INFO ProcessInvokerWrapper]   High priority process: 'False'
[2026-09-27 20:04:31Z INFO ProcessInvokerWrapper] Process started with process id 23060, waiting for process exit.
[2026-09-27 20:04:31Z INFO ProcessInvokerWrapper] STDOUT/STDERR stream read finished.
[2026-09-27 20:04:31Z INFO ProcessInvokerWrapper] STDOUT/STDERR stream read finished.
[2026-09-27 20:04:31Z INFO ProcessInvokerWrapper] Finished process 23060 with exit code 0, and elapsed time 00:00:00.0114107.
[2026-09-27 20:04:31Z INFO StepsRunner] Successfully returned to code page 65001 (UTF8)
[2026-09-27 20:04:31Z INFO HostContext] Well known directory 'Bin': 'E:\github\cicd-lab\actions-runner\bin'
[2026-09-27 20:04:31Z INFO HostContext] Well known directory 'Root': 'E:\github\cicd-lab\actions-runner'
[2026-09-27 20:04:31Z INFO HostContext] Well known directory 'Work': 'E:\github\cicd-lab\actions-runner\_work'
[2026-09-27 20:04:31Z INFO HostContext] Well known directory 'Temp': 'E:\github\cicd-lab\actions-runner\_work\_temp'
[2026-09-27 20:04:31Z INFO ExecutionContext] Write event payload to E:\github\cicd-lab\actions-runner\_work\_temp\_github_workflow\event.json
[2026-09-27 20:04:31Z INFO HostContext] Well known directory 'Bin': 'E:\github\cicd-lab\actions-runner\bin'
[2026-09-27 20:04:31Z INFO HostContext] Well known directory 'Root': 'E:\github\cicd-lab\actions-runner'
[2026-09-27 20:04:31Z INFO HostContext] Well known directory 'Work': 'E:\github\cicd-lab\actions-runner\_work'
[2026-09-27 20:04:31Z INFO HostContext] Well known directory 'Temp': 'E:\github\cicd-lab\actions-runner\_work\_temp'
[2026-09-27 20:04:31Z INFO ExtensionManager] Getting extensions for interface: 'GitHub.Runner.Worker.IFileCommandExtension'
[2026-09-27 20:04:31Z INFO ExtensionManager] Getting extensions for interface: 'GitHub.Runner.Worker.IActionCommandExtension'
[2026-09-27 20:04:31Z INFO ActionCommandManager] Register action command extension for command internal-set-repo-path
[2026-09-27 20:04:31Z INFO ActionCommandManager] Register action command extension for command set-env
[2026-09-27 20:04:31Z INFO ActionCommandManager] Register action command extension for command set-output
[2026-09-27 20:04:31Z INFO ActionCommandManager] Register action command extension for command save-state
[2026-09-27 20:04:31Z INFO ActionCommandManager] Register action command extension for command add-path
[2026-09-27 20:04:31Z INFO ActionCommandManager] Register action command extension for command add-mask
[2026-09-27 20:04:31Z INFO ActionCommandManager] Register action command extension for command add-matcher
[2026-09-27 20:04:31Z INFO ActionCommandManager] Register action command extension for command remove-matcher
[2026-09-27 20:04:31Z INFO ActionCommandManager] Register action command extension for command warning
[2026-09-27 20:04:31Z INFO ActionCommandManager] Register action command extension for command error
[2026-09-27 20:04:31Z INFO ActionCommandManager] Register action command extension for command notice
[2026-09-27 20:04:31Z INFO ActionCommandManager] Register action command extension for command debug
[2026-09-27 20:04:31Z INFO ActionCommandManager] Register action command extension for command group
[2026-09-27 20:04:31Z INFO ActionCommandManager] Register action command extension for command endgroup
[2026-09-27 20:04:31Z INFO ActionCommandManager] Register action command extension for command echo
[2026-09-27 20:04:31Z INFO ScriptHandler] Which2: 'pwsh'
[2026-09-27 20:04:31Z INFO JobServerQueue] Try to upload 1 log files or attachments, success rate: 1/1.
[2026-09-27 20:04:31Z INFO ScriptHandler] pwsh: command not found. Make sure 'pwsh' is installed and its location included in the 'Path' environment variable.
[2026-09-27 20:04:31Z INFO ScriptHandler] Defaulting to powershell
[2026-09-27 20:04:31Z INFO ScriptHandler] Which2: 'powershell'
[2026-09-27 20:04:31Z INFO ScriptHandler] Location: 'C:\WINDOWS\System32\WindowsPowerShell\v1.0\powershell.EXE'
[2026-09-27 20:04:31Z INFO HostContext] Well known directory 'Bin': 'E:\github\cicd-lab\actions-runner\bin'
[2026-09-27 20:04:31Z INFO HostContext] Well known directory 'Root': 'E:\github\cicd-lab\actions-runner'
[2026-09-27 20:04:31Z INFO HostContext] Well known directory 'Work': 'E:\github\cicd-lab\actions-runner\_work'
[2026-09-27 20:04:31Z INFO HostContext] Well known directory 'Temp': 'E:\github\cicd-lab\actions-runner\_work\_temp'
[2026-09-27 20:04:31Z INFO ScriptHandler] Which2: 'pwsh'
[2026-09-27 20:04:31Z INFO ScriptHandler] pwsh: command not found. Make sure 'pwsh' is installed and its location included in the 'Path' environment variable.
[2026-09-27 20:04:31Z INFO ScriptHandler] Defaulting to powershell
[2026-09-27 20:04:31Z INFO ScriptHandler] Which2: 'powershell'
[2026-09-27 20:04:31Z INFO ScriptHandler] Location: 'C:\WINDOWS\System32\WindowsPowerShell\v1.0\powershell.EXE'
[2026-09-27 20:04:31Z INFO ProcessInvokerWrapper] Starting process:
[2026-09-27 20:04:31Z INFO ProcessInvokerWrapper]   File name: 'C:\WINDOWS\System32\WindowsPowerShell\v1.0\powershell.EXE'
[2026-09-27 20:04:31Z INFO ProcessInvokerWrapper]   Arguments: '-command ". 'E:\github\cicd-lab\actions-runner\_work\_temp\d0fc7b37-e508-40a5-b729-faa97101c810.ps1'"'
[2026-09-27 20:04:31Z INFO ProcessInvokerWrapper]   Working directory: 'E:\github\cicd-lab\actions-runner\_work\cicd-lab\cicd-lab'
[2026-09-27 20:04:31Z INFO ProcessInvokerWrapper]   Require exit code zero: 'False'
[2026-09-27 20:04:31Z INFO ProcessInvokerWrapper]   Encoding web name:  ; code page: ''
[2026-09-27 20:04:31Z INFO ProcessInvokerWrapper]   Force kill process on cancellation: 'False'
[2026-09-27 20:04:31Z INFO ProcessInvokerWrapper]   Redirected STDIN: 'False'
[2026-09-27 20:04:31Z INFO ProcessInvokerWrapper]   Persist current code page: 'True'
[2026-09-27 20:04:31Z INFO ProcessInvokerWrapper]   Keep redirected STDIN open: 'False'
[2026-09-27 20:04:31Z INFO ProcessInvokerWrapper]   High priority process: 'False'
[2026-09-27 20:04:31Z INFO ProcessInvokerWrapper] Process started with process id 23188, waiting for process exit.
[2026-09-27 20:04:31Z INFO JobServerQueue] Try to append 1 batches web console lines for record '5e0698b8-67d0-4b21-abd2-2e3d0e9bfa6a', success rate: 1/1.
[2026-09-27 20:04:31Z INFO JobServerQueue] Try to append 1 batches web console lines for record '5210d953-7c37-4042-b21a-48b6adcd72f7', success rate: 1/1.
[2026-09-27 20:04:32Z INFO JobServerQueue] Got a step log file to send to results service.
[2026-09-27 20:04:32Z INFO JobServerQueue] Starting upload of step log file to results service ResultsLog, E:\github\cicd-lab\actions-runner\_diag\blocks\6360c033-ad8c-4e82-9136-823b276ba979_5e0698b8-67d0-4b21-abd2-2e3d0e9bfa6a.1
[2026-09-27 20:04:32Z INFO JobServerQueue] Try to append 1 batches web console lines for record '5210d953-7c37-4042-b21a-48b6adcd72f7', success rate: 1/1.
[2026-09-27 20:04:32Z INFO ProcessInvokerWrapper] STDOUT/STDERR stream read finished.
[2026-09-27 20:04:32Z INFO ProcessInvokerWrapper] STDOUT/STDERR stream read finished.
[2026-09-27 20:04:32Z INFO ProcessInvokerWrapper] Finished process 23188 with exit code 0, and elapsed time 00:00:00.6134464.
[2026-09-27 20:04:32Z INFO CreateStepSummaryCommand] Step Summary file (E:\github\cicd-lab\actions-runner\_work\_temp\_runner_file_commands\step_summary_922abcbf-eb83-466e-923c-a470dd278c04) is empty; skipping attachment upload
[2026-09-27 20:04:32Z INFO StepsRunner] Step result: 
[2026-09-27 20:04:32Z INFO ExecutionContext] Publish step telemetry for current step {
  "action": "powershell",
  "type": "run",
  "stage": "Main",
  "stepId": "5210d953-7c37-4042-b21a-48b6adcd72f7",
  "stepContextName": "__run_2",
  "result": "succeeded",
  "errorMessages": [],
  "executionTimeInSeconds": 1,
  "startTime": "2026-09-27T20:04:31.7683904Z",
  "finishTime": "2026-09-27T20:04:32.4702899Z"
}.
[2026-09-27 20:04:32Z INFO StepsRunner] No need for updating job result with current step result 'Succeeded'.
[2026-09-27 20:04:32Z INFO StepsRunner] Current state: job state = ''
[2026-09-27 20:04:32Z INFO StepsRunner] Processing step: DisplayName='Post Log in to GHCR'
[2026-09-27 20:04:32Z INFO StepsRunner] Evaluating: always()
[2026-09-27 20:04:32Z INFO StepsRunner] Result: true
[2026-09-27 20:04:32Z INFO StepsRunner] Starting the step.
[2026-09-27 20:04:32Z INFO HostContext] Well known directory 'Bin': 'E:\github\cicd-lab\actions-runner\bin'
[2026-09-27 20:04:32Z INFO HostContext] Well known directory 'Root': 'E:\github\cicd-lab\actions-runner'
[2026-09-27 20:04:32Z INFO HostContext] Well known directory 'Work': 'E:\github\cicd-lab\actions-runner\_work'
[2026-09-27 20:04:32Z INFO StepsRunner] Which2: 'chcp'
[2026-09-27 20:04:32Z INFO StepsRunner] Location: 'C:\WINDOWS\system32\chcp.COM'
[2026-09-27 20:04:32Z INFO ProcessInvokerWrapper] Starting process:
[2026-09-27 20:04:32Z INFO ProcessInvokerWrapper]   File name: 'C:\WINDOWS\system32\chcp.COM'
[2026-09-27 20:04:32Z INFO ProcessInvokerWrapper]   Arguments: '65001'
[2026-09-27 20:04:32Z INFO ProcessInvokerWrapper]   Working directory: 'E:\github\cicd-lab\actions-runner\_work'
[2026-09-27 20:04:32Z INFO ProcessInvokerWrapper]   Require exit code zero: 'False'
[2026-09-27 20:04:32Z INFO ProcessInvokerWrapper]   Encoding web name:  ; code page: ''
[2026-09-27 20:04:32Z INFO ProcessInvokerWrapper]   Force kill process on cancellation: 'False'
[2026-09-27 20:04:32Z INFO ProcessInvokerWrapper]   Redirected STDIN: 'False'
[2026-09-27 20:04:32Z INFO ProcessInvokerWrapper]   Persist current code page: 'True'
[2026-09-27 20:04:32Z INFO ProcessInvokerWrapper]   Keep redirected STDIN open: 'False'
[2026-09-27 20:04:32Z INFO ProcessInvokerWrapper]   High priority process: 'False'
[2026-09-27 20:04:32Z INFO ProcessInvokerWrapper] Process started with process id 7040, waiting for process exit.
[2026-09-27 20:04:32Z INFO ProcessInvokerWrapper] STDOUT/STDERR stream read finished.
[2026-09-27 20:04:32Z INFO ProcessInvokerWrapper] STDOUT/STDERR stream read finished.
[2026-09-27 20:04:32Z INFO ProcessInvokerWrapper] Finished process 7040 with exit code 0, and elapsed time 00:00:00.0079575.
[2026-09-27 20:04:32Z INFO StepsRunner] Successfully returned to code page 65001 (UTF8)
[2026-09-27 20:04:32Z INFO HostContext] Well known directory 'Bin': 'E:\github\cicd-lab\actions-runner\bin'
[2026-09-27 20:04:32Z INFO HostContext] Well known directory 'Root': 'E:\github\cicd-lab\actions-runner'
[2026-09-27 20:04:32Z INFO HostContext] Well known directory 'Work': 'E:\github\cicd-lab\actions-runner\_work'
[2026-09-27 20:04:32Z INFO HostContext] Well known directory 'Actions': 'E:\github\cicd-lab\actions-runner\_work\_actions'
[2026-09-27 20:04:32Z INFO ActionManager] Load action that reference repository from 'E:\github\cicd-lab\actions-runner\_work\_actions\docker\login-action\v3'
[2026-09-27 20:04:32Z INFO HostContext] Well known directory 'Bin': 'E:\github\cicd-lab\actions-runner\bin'
[2026-09-27 20:04:32Z INFO HostContext] Well known directory 'Root': 'E:\github\cicd-lab\actions-runner'
[2026-09-27 20:04:32Z INFO HostContext] Well known directory 'Work': 'E:\github\cicd-lab\actions-runner\_work'
[2026-09-27 20:04:32Z INFO HostContext] Well known directory 'Actions': 'E:\github\cicd-lab\actions-runner\_work\_actions'
[2026-09-27 20:04:32Z INFO ActionManifestManagerLegacy] Ignore action property author.
[2026-09-27 20:04:32Z INFO ActionManifestManagerLegacy] Ignore action property branding.
[2026-09-27 20:04:32Z INFO ActionManifestManagerLegacy] Loaded action.yml file: {
  "name": "Docker Login",
  "description": "GitHub Action to login against a Docker registry",
  "inputs": {
    "type": 2,
    "map": [
      {
        "key": {
          "type": 0,
          "file": 2,
          "line": 10,
          "col": 3,
          "lit": "registry"
        },
        "value": ""
      },
      {
        "key": {
          "type": 0,
          "file": 2,
          "line": 13,
          "col": 3,
          "lit": "username"
        },
        "value": ""
      },
      {
        "key": {
          "type": 0,
          "file": 2,
          "line": 16,
          "col": 3,
          "lit": "password"
        },
        "value": ""
      },
      {
        "key": {
          "type": 0,
          "file": 2,
          "line": 19,
          "col": 3,
          "lit": "ecr"
        },
        "value": ""
      },
      {
        "key": {
          "type": 0,
          "file": 2,
          "line": 22,
          "col": 3,
          "lit": "scope"
        },
        "value": ""
      },
      {
        "key": {
          "type": 0,
          "file": 2,
          "line": 25,
          "col": 3,
          "lit": "logout"
        },
        "value": {
          "type": 0,
          "file": 2,
          "line": 27,
          "col": 14,
          "lit": "true"
        }
      },
      {
        "key": {
          "type": 0,
          "file": 2,
          "line": 29,
          "col": 3,
          "lit": "registry-auth"
        },
        "value": ""
      }
    ]
  },
  "execution": {
    "executionType": "nodeJS",
    "hasPre": false,
    "hasPost": true,
    "script": "dist/index.js",
    "pre": null,
    "post": "dist/index.js",
    "nodeVersion": "node20",
    "cleanupCondition": "always()",
    "initCondition": "always()"
  },
  "deprecated": null
}
[2026-09-27 20:04:32Z INFO ActionManager] Action pre node.js file: N/A.
[2026-09-27 20:04:32Z INFO ActionManager] Action node.js file: dist/index.js.
[2026-09-27 20:04:32Z INFO ActionManager] Action post node.js file: dist/index.js.
[2026-09-27 20:04:32Z INFO HostContext] Well known directory 'Bin': 'E:\github\cicd-lab\actions-runner\bin'
[2026-09-27 20:04:32Z INFO HostContext] Well known directory 'Root': 'E:\github\cicd-lab\actions-runner'
[2026-09-27 20:04:32Z INFO HostContext] Well known directory 'Work': 'E:\github\cicd-lab\actions-runner\_work'
[2026-09-27 20:04:32Z INFO HostContext] Well known directory 'Temp': 'E:\github\cicd-lab\actions-runner\_work\_temp'
[2026-09-27 20:04:32Z INFO ExecutionContext] Write event payload to E:\github\cicd-lab\actions-runner\_work\_temp\_github_workflow\event.json
[2026-09-27 20:04:32Z INFO HostContext] Well known directory 'Bin': 'E:\github\cicd-lab\actions-runner\bin'
[2026-09-27 20:04:32Z INFO HostContext] Well known directory 'Root': 'E:\github\cicd-lab\actions-runner'
[2026-09-27 20:04:32Z INFO HostContext] Well known directory 'Work': 'E:\github\cicd-lab\actions-runner\_work'
[2026-09-27 20:04:32Z INFO HostContext] Well known directory 'Temp': 'E:\github\cicd-lab\actions-runner\_work\_temp'
[2026-09-27 20:04:32Z INFO ExtensionManager] Getting extensions for interface: 'GitHub.Runner.Worker.IFileCommandExtension'
[2026-09-27 20:04:32Z INFO ActionManifestManagerLegacy] Input 'ecr': default value evaluate result: ""
[2026-09-27 20:04:32Z INFO ActionManifestManagerLegacy] Input 'scope': default value evaluate result: ""
[2026-09-27 20:04:32Z INFO ActionManifestManagerLegacy] Input 'logout': default value evaluate result: {
  "type": 0,
  "file": 2,
  "line": 27,
  "col": 14,
  "lit": "true"
}
[2026-09-27 20:04:32Z INFO ActionManifestManagerLegacy] Input 'registry-auth': default value evaluate result: ""
[2026-09-27 20:04:32Z INFO ExtensionManager] Getting extensions for interface: 'GitHub.Runner.Worker.IActionCommandExtension'
[2026-09-27 20:04:32Z INFO ActionCommandManager] Register action command extension for command internal-set-repo-path
[2026-09-27 20:04:32Z INFO ActionCommandManager] Register action command extension for command set-env
[2026-09-27 20:04:32Z INFO ActionCommandManager] Register action command extension for command set-output
[2026-09-27 20:04:32Z INFO ActionCommandManager] Register action command extension for command save-state
[2026-09-27 20:04:32Z INFO ActionCommandManager] Register action command extension for command add-path
[2026-09-27 20:04:32Z INFO ActionCommandManager] Register action command extension for command add-mask
[2026-09-27 20:04:32Z INFO ActionCommandManager] Register action command extension for command add-matcher
[2026-09-27 20:04:32Z INFO ActionCommandManager] Register action command extension for command remove-matcher
[2026-09-27 20:04:32Z INFO ActionCommandManager] Register action command extension for command warning
[2026-09-27 20:04:32Z INFO ActionCommandManager] Register action command extension for command error
[2026-09-27 20:04:32Z INFO ActionCommandManager] Register action command extension for command notice
[2026-09-27 20:04:32Z INFO ActionCommandManager] Register action command extension for command debug
[2026-09-27 20:04:32Z INFO ActionCommandManager] Register action command extension for command group
[2026-09-27 20:04:32Z INFO ActionCommandManager] Register action command extension for command endgroup
[2026-09-27 20:04:32Z INFO ActionCommandManager] Register action command extension for command echo
[2026-09-27 20:04:32Z INFO HostContext] Well known directory 'Bin': 'E:\github\cicd-lab\actions-runner\bin'
[2026-09-27 20:04:32Z INFO HostContext] Well known directory 'Root': 'E:\github\cicd-lab\actions-runner'
[2026-09-27 20:04:32Z INFO HostContext] Well known directory 'Externals': 'E:\github\cicd-lab\actions-runner\externals'
[2026-09-27 20:04:32Z INFO ProcessInvokerWrapper] Starting process:
[2026-09-27 20:04:32Z INFO ProcessInvokerWrapper]   File name: 'E:\github\cicd-lab\actions-runner\externals\node24\bin\node.exe'
[2026-09-27 20:04:32Z INFO ProcessInvokerWrapper]   Arguments: '"E:\github\cicd-lab\actions-runner\_work\_actions\docker\login-action\v3\dist/index.js"'
[2026-09-27 20:04:32Z INFO ProcessInvokerWrapper]   Working directory: 'E:\github\cicd-lab\actions-runner\_work\cicd-lab\cicd-lab'
[2026-09-27 20:04:32Z INFO ProcessInvokerWrapper]   Require exit code zero: 'False'
[2026-09-27 20:04:32Z INFO ProcessInvokerWrapper]   Encoding web name: utf-8 ; code page: '65001'
[2026-09-27 20:04:32Z INFO ProcessInvokerWrapper]   Force kill process on cancellation: 'False'
[2026-09-27 20:04:32Z INFO ProcessInvokerWrapper]   Redirected STDIN: 'False'
[2026-09-27 20:04:32Z INFO ProcessInvokerWrapper]   Persist current code page: 'True'
[2026-09-27 20:04:32Z INFO ProcessInvokerWrapper]   Keep redirected STDIN open: 'False'
[2026-09-27 20:04:32Z INFO ProcessInvokerWrapper]   High priority process: 'False'
[2026-09-27 20:04:32Z INFO ProcessInvokerWrapper] Process started with process id 5792, waiting for process exit.
[2026-09-27 20:04:32Z INFO JobServerQueue] Tried to upload 1 file(s) to results, success rate: 1/1.
[2026-09-27 20:04:32Z INFO JobServerQueue] Try to append 1 batches web console lines for record '439e01c3-4d1c-46fd-a017-2fd891cc590f', success rate: 1/1.
[2026-09-27 20:04:32Z INFO JobServerQueue] Try to upload 1 log files or attachments, success rate: 1/1.
[2026-09-27 20:04:32Z INFO JobServerQueue] Try to append 1 batches web console lines for record '439e01c3-4d1c-46fd-a017-2fd891cc590f', success rate: 1/1.
[2026-09-27 20:04:33Z INFO ProcessInvokerWrapper] STDOUT/STDERR stream read finished.
[2026-09-27 20:04:33Z INFO ProcessInvokerWrapper] STDOUT/STDERR stream read finished.
[2026-09-27 20:04:33Z INFO ProcessInvokerWrapper] Finished process 5792 with exit code 0, and elapsed time 00:00:00.5278789.
[2026-09-27 20:04:33Z INFO CreateStepSummaryCommand] Step Summary file (E:\github\cicd-lab\actions-runner\_work\_temp\_runner_file_commands\step_summary_e7151a2c-9062-4fa3-b91d-37beb8498930) is empty; skipping attachment upload
[2026-09-27 20:04:33Z INFO StepsRunner] Step result: 
[2026-09-27 20:04:33Z INFO ExecutionContext] Publish step telemetry for current step {
  "action": "docker/login-action",
  "ref": "v3",
  "type": "node24",
  "stage": "Post",
  "stepId": "439e01c3-4d1c-46fd-a017-2fd891cc590f",
  "result": "succeeded",
  "errorMessages": [],
  "executionTimeInSeconds": 1,
  "startTime": "2026-09-27T20:04:32.4748672Z",
  "finishTime": "2026-09-27T20:04:33.0234811Z"
}.
[2026-09-27 20:04:33Z INFO StepsRunner] No need for updating job result with current step result 'Succeeded'.
[2026-09-27 20:04:33Z INFO StepsRunner] Current state: job state = ''
[2026-09-27 20:04:33Z INFO JobRunner] Finalize job.
[2026-09-27 20:04:33Z INFO HostContext] Well known directory 'Bin': 'E:\github\cicd-lab\actions-runner\bin'
[2026-09-27 20:04:33Z INFO HostContext] Well known directory 'Root': 'E:\github\cicd-lab\actions-runner'
[2026-09-27 20:04:33Z INFO HostContext] Well known directory 'Diag': 'E:\github\cicd-lab\actions-runner\_diag'
[2026-09-27 20:04:33Z INFO HostContext] Well known directory 'Bin': 'E:\github\cicd-lab\actions-runner\bin'
[2026-09-27 20:04:33Z INFO HostContext] Well known directory 'Root': 'E:\github\cicd-lab\actions-runner'
[2026-09-27 20:04:33Z INFO HostContext] Well known directory 'Diag': 'E:\github\cicd-lab\actions-runner\_diag'
[2026-09-27 20:04:33Z INFO JobExtension] Initialize Env context
[2026-09-27 20:04:33Z INFO JobExtension] Initialize steps context
[2026-09-27 20:04:33Z INFO JobExtension] Total accessible running process: 273.
[2026-09-27 20:04:33Z INFO JobExtension] Wait for all connectivity checks to finish.
[2026-09-27 20:04:33Z INFO JobExtension] Connectivity check result: {
  "endpointUrl": "https://broker.actions.githubusercontent.com/health",
  "endpointIPs": null,
  "startTime": "2026-09-27T20:04:27.4921998Z",
  "statusCode": "http_OK",
  "requestId": "5A13:12B7:3AA01:470AA:6AB976CB",
  "httpRequestDurationInMs": 431,
  "dnsResolutionDurationInMs": 0,
  "dnsError": null
}
[2026-09-27 20:04:33Z INFO JobExtension] Connectivity check result: {
  "endpointUrl": "https://token.actions.githubusercontent.com/ready",
  "endpointIPs": null,
  "startTime": "2026-09-27T20:04:27.4929382Z",
  "statusCode": "http_NoContent",
  "requestId": "59D3:268BEA:5BEEEF:6F5A91:6AB976CB",
  "httpRequestDurationInMs": 446,
  "dnsResolutionDurationInMs": 0,
  "dnsError": null
}
[2026-09-27 20:04:33Z INFO JobExtension] Connectivity check result: {
  "endpointUrl": "https://run.actions.githubusercontent.com/health",
  "endpointIPs": null,
  "startTime": "2026-09-27T20:04:27.49312Z",
  "statusCode": "http_OK",
  "requestId": "5C21:348224:36563:429C0:6AB976CB",
  "httpRequestDurationInMs": 433,
  "dnsResolutionDurationInMs": 0,
  "dnsError": null
}
[2026-09-27 20:04:33Z INFO JobExtension] Wait for all connectivity and DNS checks to finish.
[2026-09-27 20:04:33Z INFO JobExtension] Connectivity and DNS check result: {
  "endpointUrl": "https://github.com/_dns",
  "endpointIPs": [
    "140.82.121.3"
  ],
  "startTime": "2026-09-27T20:04:27.4932986Z",
  "statusCode": "http_OK",
  "requestId": null,
  "httpRequestDurationInMs": 148,
  "dnsResolutionDurationInMs": 0,
  "dnsError": null
}
[2026-09-27 20:04:33Z INFO JobExtension] Connectivity and DNS check result: {
  "endpointUrl": "https://api.github.com/_dns",
  "endpointIPs": [
    "140.82.121.5"
  ],
  "startTime": "2026-09-27T20:04:27.4936747Z",
  "statusCode": "http_OK",
  "requestId": null,
  "httpRequestDurationInMs": 143,
  "dnsResolutionDurationInMs": 18,
  "dnsError": null
}
[2026-09-27 20:04:33Z INFO JobExtension] Connectivity and DNS check result: {
  "endpointUrl": "https://codeload.github.com/_dns",
  "endpointIPs": [
    "140.82.121.9"
  ],
  "startTime": "2026-09-27T20:04:27.4939432Z",
  "statusCode": "http_OK",
  "requestId": "5A7F:18BDA2:5C6204:A801F3:6AB976CB",
  "httpRequestDurationInMs": 266,
  "dnsResolutionDurationInMs": 0,
  "dnsError": null
}
[2026-09-27 20:04:33Z INFO JobExtension] Connectivity and DNS check result: {
  "endpointUrl": "https://pkg.github.com/_dns",
  "endpointIPs": [
    "140.82.121.34"
  ],
  "startTime": "2026-09-27T20:04:27.4941209Z",
  "statusCode": "http_OK",
  "requestId": "5BDF:152D:222356D:241F00A:6AB976CB",
  "httpRequestDurationInMs": 235,
  "dnsResolutionDurationInMs": 18,
  "dnsError": null
}
[2026-09-27 20:04:33Z INFO JobExtension] Connectivity and DNS check result: {
  "endpointUrl": "https://copilot-proxy.githubusercontent.com/_dns",
  "endpointIPs": [
    "20.250.119.64"
  ],
  "startTime": "2026-09-27T20:04:27.4943463Z",
  "statusCode": "http_OK",
  "requestId": null,
  "httpRequestDurationInMs": 159,
  "dnsResolutionDurationInMs": 40,
  "dnsError": null
}
[2026-09-27 20:04:33Z INFO ExecutionContext] Publish step telemetry for current step {
  "action": "complete_job",
  "type": "runner",
  "stage": "Post",
  "stepId": "80969909-7bef-4a81-9cc9-491553ae59ec",
  "result": "succeeded",
  "errorMessages": [
    "Node.js 20 is deprecated. The following actions target Node.js 20 but are being forced to run on Node.js 24: docker/login-action@v3. For more information see: https://github.blog/changelog/2025-09-19-deprecation-of-node-20-on-github-actions-runners/"
  ],
  "executionTimeInSeconds": 1,
  "startTime": "2026-09-27T20:04:33.0299533Z",
  "finishTime": "2026-09-27T20:04:33.0456803Z"
}.
[2026-09-27 20:04:33Z INFO JobRunner] Job result after all job steps finish: Succeeded
[2026-09-27 20:04:33Z INFO JobRunner] Completing the job execution context.
[2026-09-27 20:04:33Z INFO JobRunner] Shutting down the job server queue.
[2026-09-27 20:04:33Z INFO JobServerQueue] Fire signal to shutdown all queues.
[2026-09-27 20:04:33Z INFO JobServerQueue] All queue process task stopped.
[2026-09-27 20:04:33Z INFO JobServerQueue] Try to append 1 batches web console lines for record '439e01c3-4d1c-46fd-a017-2fd891cc590f', success rate: 1/1.
[2026-09-27 20:04:33Z INFO JobServerQueue] Try to append 1 batches web console lines for record '80969909-7bef-4a81-9cc9-491553ae59ec', success rate: 1/1.
[2026-09-27 20:04:33Z INFO JobServerQueue] Web console line queue drained.
[2026-09-27 20:04:33Z INFO JobServerQueue] Uploading 3 files in one shot.
[2026-09-27 20:04:33Z INFO JobServerQueue] Try to upload 3 log files or attachments, success rate: 3/3.
[2026-09-27 20:04:33Z INFO JobServerQueue] File upload queue drained.
[2026-09-27 20:04:33Z INFO JobServerQueue] Starting results-based upload queue...
[2026-09-27 20:04:33Z INFO JobServerQueue] Uploading 4 file(s) in one shot through results service.
[2026-09-27 20:04:33Z INFO JobServerQueue] Got a step log file to send to results service.
[2026-09-27 20:04:33Z INFO JobServerQueue] Starting upload of step log file to results service ResultsLog, E:\github\cicd-lab\actions-runner\_diag\blocks\6360c033-ad8c-4e82-9136-823b276ba979_5210d953-7c37-4042-b21a-48b6adcd72f7.1
[2026-09-27 20:04:34Z INFO JobServerQueue] Got a step log file to send to results service.
[2026-09-27 20:04:34Z INFO JobServerQueue] Starting upload of step log file to results service ResultsLog, E:\github\cicd-lab\actions-runner\_diag\blocks\6360c033-ad8c-4e82-9136-823b276ba979_439e01c3-4d1c-46fd-a017-2fd891cc590f.1
[2026-09-27 20:04:34Z INFO JobServerQueue] Got a step log file to send to results service.
[2026-09-27 20:04:34Z INFO JobServerQueue] Starting upload of step log file to results service ResultsLog, E:\github\cicd-lab\actions-runner\_diag\blocks\6360c033-ad8c-4e82-9136-823b276ba979_80969909-7bef-4a81-9cc9-491553ae59ec.1
[2026-09-27 20:04:35Z INFO JobServerQueue] Got a job log file to send to results service.
[2026-09-27 20:04:35Z INFO JobServerQueue] Starting upload of job log file to results service ResultsLog, E:\github\cicd-lab\actions-runner\_diag\blocks\6360c033-ad8c-4e82-9136-823b276ba979_eea0cb62-69a1-5d4a-b3cb-27f139c423ee.1
[2026-09-27 20:04:35Z INFO JobServerQueue] Tried to upload 4 file(s) to results, success rate: 4/4.
[2026-09-27 20:04:35Z INFO JobServerQueue] Results upload queue drained.
[2026-09-27 20:04:35Z INFO JobServerQueue] Timeline update queue drained.
[2026-09-27 20:04:35Z INFO JobServerQueue] Disposing job server ...
[2026-09-27 20:04:35Z INFO JobServerQueue] Disposing results server ...
[2026-09-27 20:04:35Z INFO JobServerQueue] All queue process tasks have been stopped, and all queues are drained.
[2026-09-27 20:04:35Z INFO TempDirectoryManager] Cleaning runner temp folder: E:\github\cicd-lab\actions-runner\_work\_temp
[2026-09-27 20:04:35Z INFO HostContext] Well known directory 'Bin': 'E:\github\cicd-lab\actions-runner\bin'
[2026-09-27 20:04:35Z INFO HostContext] Well known directory 'Root': 'E:\github\cicd-lab\actions-runner'
[2026-09-27 20:04:35Z INFO HostContext] Well known directory 'Diag': 'E:\github\cicd-lab\actions-runner\_diag'
[2026-09-27 20:04:35Z INFO HostContext] Well known config file 'Telemetry': 'E:\github\cicd-lab\actions-runner\_diag\.telemetry'
[2026-09-27 20:04:35Z INFO JobRunner] Raising job completed against run service
[2026-09-27 20:04:36Z INFO Worker] Job completed.
